ID do Usuário,Data da Atividade,Tipo de Atividade,Duração (minutos),Distância (km),Calorias Queimadas,Condições Climáticas,Satisfação (1 a 5)
20,2023-03-01,Corrida,42,5.45,336,Nublado,4
23,2023-04-07,Caminhada,26,4.36,182,Ventoso,3
21,2023-01-03,Corrida,49,9.23,196,Ensolarado,3
13,2023-03-09,Musculação,75,0.0,750,Ventoso,1
24,2023-02-02,Natação,48,0.0,336,Ensolarado,1
3,2023-04-12,Natação,49,0.0,588,Chuvoso,1
17,2023-04-21,Ciclismo,112,13.03,1120,Chuvoso,3
17,2023-01-18,Musculação,63,0.0,441,Ensolarado,4
21,2023-03-11,Caminhada,109,19.39,872,Chuvoso,4
12,2023-03-14,Ciclismo,35,3.93,175,Ventoso,4
19,2023-03-01,Ciclismo,86,14.35,774,Ventoso,4
7,2023-03-03,Caminhada,103,15.47,1133,Ensolarado,4
10,2023-01-19,Caminhada,21,3.96,147,Ensolarado,3
16,2023-02-20,Corrida,82,16.23,410,Ventoso,1
12,2023-01-06,Corrida,94,9.44,752,Chuvoso,2
5,2023-04-07,Musculação,48,0.0,336,Ensolarado,4
15,2023-04-02,Natação,54,0.0,324,Chuvoso,4
21,2023-04-25,Caminhada,33,4.78,198,Chuvoso,2
7,2023-04-27,Ciclismo,71,9.58,710,Ventoso,4
13,2023-04-04,Ciclismo,116,13.88,812,Ensolarado,4
2,2023-01-30,Corrida,38,5.18,228,Nublado,5
10,2023-03-20,Corrida,105,19.62,840,Chuvoso,4
15,2023-01-07,Musculação,72,0.0,864,Ventoso,5
15,2023-03-04,Natação,75,0.0,825,Nublado,3
9,2023-01-06,Corrida,21,2.44,84,Chuvoso,1
5,2023-01-09,Caminhada,102,12.47,1020,Nublado,4
7,2023-02-13,Musculação,36,0.0,180,Chuvoso,3
18,2023-02-28,Natação,46,0.0,184,Ensolarado,2
12,2023-01-11,Ciclismo,82,11.04,574,Chuvoso,3
10,2023-03-08,Caminhada,47,6.97,329,Ensolarado,3
30,2023-03-12,Corrida,16,2.34,176,Ensolarado,4
16,2023-02-28,Caminhada,30,3.26,210,Ensolarado,2
14,2023-04-24,Ciclismo,71,11.45,710,Ventoso,1
6,2023-02-01,Caminhada,43,4.85,344,Chuvoso,3
14,2023-01-14,Musculação,87,0.0,696,Nublado,3
25,2023-02-26,Musculação,68,0.0,748,Chuvoso,3
8,2023-01-03,Corrida,93,16.59,465,Nublado,4
8,2023-01-28,Natação,86,0.0,344,Ventoso,1
4,2023-02-19,Natação,37,0.0,333,Nublado,5
22,2023-02-06,Ciclismo,109,19.97,763,Ensolarado,5
10,2023-03-28,Natação,44,0.0,396,Ventoso,3
19,2023-01-22,Ciclismo,118,11.98,1416,Chuvoso,3
19,2023-03-23,Corrida,118,13.33,1180,Nublado,2
17,2023-01-10,Ciclismo,112,13.51,1232,Nublado,2
24,2023-01-17,Ciclismo,112,15.51,672,Ventoso,1
20,2023-04-17,Corrida,82,13.09,902,Ventoso,3
1,2023-01-29,Musculação,71,0.0,426,Ventoso,4
18,2023-02-10,Corrida,48,5.46,480,Nublado,3
26,2023-02-07,Caminhada,22,2.66,198,Nublado,3
28,2023-02-26,Ciclismo,48,6.45,288,Chuvoso,1
12,2023-03-15,Musculação,33,0.0,198,Chuvoso,1
16,2023-03-22,Corrida,18,2.23,72,Nublado,3
3,2023-04-16,Corrida,59,11.64,590,Nublado,2
15,2023-02-25,Ciclismo,60,7.87,540,Ventoso,4
1,2023-02-22,Natação,64,0.0,768,Ventoso,1
19,2023-04-28,Corrida,67,13.09,402,Ensolarado,5
5,2023-03-21,Musculação,83,0.0,498,Ensolarado,3
8,2023-04-18,Ciclismo,46,8.95,276,Nublado,1
14,2023-04-29,Musculação,36,0.0,396,Nublado,5
20,2023-01-06,Natação,51,0.0,510,Ensolarado,1
16,2023-01-12,Natação,48,0.0,288,Ventoso,2
17,2023-02-15,Ciclismo,109,19.11,981,Chuvoso,4
13,2023-01-02,Natação,63,0.0,504,Ventoso,1
25,2023-03-10,Musculação,65,0.0,520,Ensolarado,4
13,2023-04-03,Corrida,66,8.89,264,Ensolarado,3
24,2023-01-05,Natação,73,0.0,584,Nublado,5
17,2023-02-13,Caminhada,47,5.68,423,Nublado,5
22,2023-04-03,Musculação,73,0.0,657,Nublado,2
11,2023-04-19,Corrida,89,16.17,534,Chuvoso,3
10,2023-03-22,Natação,50,0.0,550,Ventoso,5
14,2023-01-22,Corrida,115,13.12,460,Ventoso,2
11,2023-04-29,Corrida,107,15.84,856,Nublado,1
18,2023-04-30,Caminhada,50,9.75,300,Nublado,1
22,2023-03-23,Ciclismo,89,9.88,1068,Ventoso,4
9,2023-02-09,Natação,30,0.0,300,Chuvoso,3
18,2023-03-09,Musculação,50,0.0,450,Nublado,4
26,2023-01-19,Corrida,111,16.78,1110,Chuvoso,4
2,2023-03-13,Caminhada,96,15.5,672,Ensolarado,3
17,2023-01-21,Ciclismo,95,12.87,1045,Ensolarado,2
19,2023-04-25,Ciclismo,50,5.93,500,Ensolarado,5
15,2023-01-31,Caminhada,80,15.16,400,Nublado,2
15,2023-04-29,Corrida,69,11.28,552,Chuvoso,4
29,2023-04-07,Natação,69,0.0,621,Ensolarado,3
1,2023-03-05,Corrida,112,14.01,1120,Ventoso,4
25,2023-03-23,Caminhada,104,19.55,416,Ventoso,3
27,2023-03-14,Ciclismo,87,14.88,783,Ensolarado,4
16,2023-04-28,Musculação,38,0.0,152,Ensolarado,5
28,2023-02-14,Natação,30,0.0,150,Nublado,1
22,2023-03-11,Caminhada,20,2.63,80,Chuvoso,4
29,2023-01-17,Natação,56,0.0,336,Nublado,4
28,2023-02-09,Musculação,33,0.0,198,Nublado,2
30,2023-03-03,Corrida,108,19.7,432,Ventoso,2
12,2023-04-13,Musculação,82,0.0,410,Ensolarado,5
6,2023-04-15,Natação,42,0.0,336,Chuvoso,3
26,2023-02-03,Musculação,89,0.0,979,Nublado,4
18,2023-01-20,Corrida,95,15.06,1140,Ensolarado,3
27,2023-01-10,Ciclismo,97,17.37,679,Ventoso,5
6,2023-04-01,Natação,88,0.0,528,Ventoso,5
2,2023-03-11,Corrida,120,18.21,480,Ensolarado,1
14,2023-03-19,Natação,66,0.0,726,Chuvoso,4
17,2023-02-16,Corrida,32,4.21,128,Nublado,2
1,2023-02-13,Musculação,42,0.0,168,Ventoso,1
23,2023-02-09,Caminhada,21,3.36,126,Chuvoso,1
14,2023-01-07,Caminhada,60,9.62,480,Chuvoso,5
28,2023-04-13,Caminhada,67,7.91,737,Chuvoso,2
13,2023-01-09,Natação,36,0.0,180,Ensolarado,3
1,2023-01-23,Caminhada,93,15.72,372,Chuvoso,4
26,2023-03-12,Caminhada,75,8.1,300,Ventoso,3
1,2023-03-24,Musculação,36,0.0,180,Chuvoso,3
4,2023-03-02,Corrida,34,6.49,272,Ensolarado,1
13,2023-02-13,Ciclismo,85,14.42,510,Nublado,2
21,2023-03-29,Ciclismo,94,12.49,376,Ventoso,4
2,2023-01-29,Ciclismo,96,12.3,576,Nublado,3
8,2023-01-21,Caminhada,74,10.09,444,Ventoso,5
25,2023-01-02,Ciclismo,89,8.95,890,Nublado,2
1,2023-01-04,Natação,62,0.0,248,Ensolarado,1
25,2023-04-29,Corrida,88,14.18,528,Ventoso,1
14,2023-02-25,Musculação,88,0.0,792,Nublado,2
12,2023-03-07,Ciclismo,83,11.62,498,Ventoso,5
22,2023-02-14,Corrida,70,13.27,490,Ventoso,4
8,2023-04-28,Caminhada,45,7.4,450,Ensolarado,3
9,2023-04-24,Musculação,53,0.0,636,Ensolarado,5
20,2023-04-10,Caminhada,45,5.74,405,Ventoso,1
18,2023-04-23,Corrida,33,5.65,132,Ventoso,4
14,2023-04-29,Corrida,106,15.48,1166,Nublado,2
11,2023-03-02,Caminhada,35,5.57,280,Ensolarado,3
12,2023-01-19,Natação,79,0.0,869,Ensolarado,2
29,2023-02-02,Ciclismo,107,16.95,856,Ventoso,1
10,2023-03-12,Caminhada,19,3.2,152,Ventoso,2
12,2023-01-18,Ciclismo,29,4.68,174,Ensolarado,4
19,2023-02-20,Caminhada,24,3.94,120,Ventoso,5
24,2023-03-12,Ciclismo,36,4.15,216,Nublado,1
17,2023-01-18,Caminhada,60,11.4,480,Chuvoso,1
26,2023-04-28,Caminhada,113,21.05,678,Chuvoso,5
11,2023-03-10,Ciclismo,63,12.5,756,Chuvoso,2
29,2023-04-28,Caminhada,59,8.2,649,Chuvoso,4
14,2023-04-15,Corrida,102,20.13,612,Ensolarado,5
20,2023-03-23,Musculação,36,0.0,252,Ensolarado,3
23,2023-04-04,Musculação,40,0.0,400,Ensolarado,1
1,2023-01-15,Natação,82,0.0,902,Chuvoso,1
22,2023-02-27,Natação,67,0.0,536,Ventoso,2
30,2023-01-21,Musculação,65,0.0,325,Nublado,1
27,2023-03-24,Ciclismo,81,11.41,567,Ventoso,4
9,2023-01-03,Musculação,38,0.0,380,Nublado,4
19,2023-01-07,Caminhada,117,12.72,1170,Chuvoso,2
17,2023-04-22,Caminhada,20,2.96,100,Chuvoso,5
16,2023-03-12,Caminhada,75,9.49,525,Chuvoso,2
10,2023-04-20,Musculação,83,0.0,498,Ventoso,1
3,2023-03-03,Caminhada,87,16.99,1044,Ensolarado,3
16,2023-01-30,Corrida,52,5.93,260,Nublado,1
27,2023-03-27,Ciclismo,90,14.03,360,Ensolarado,4
18,2023-03-31,Musculação,61,0.0,305,Ventoso,5
12,2023-04-22,Natação,85,0.0,425,Ensolarado,2
8,2023-03-05,Natação,47,0.0,329,Ensolarado,4
12,2023-03-07,Natação,35,0.0,175,Chuvoso,5
14,2023-01-29,Natação,54,0.0,324,Nublado,3
30,2023-01-26,Caminhada,99,18.62,891,Chuvoso,4
20,2023-01-17,Corrida,66,8.94,726,Nublado,3
21,2023-04-28,Natação,57,0.0,456,Chuvoso,4
25,2023-04-09,Natação,85,0.0,425,Ventoso,3
4,2023-02-27,Ciclismo,59,11.4,354,Chuvoso,4
8,2023-01-15,Caminhada,64,9.37,704,Nublado,4
17,2023-02-09,Caminhada,44,5.78,176,Ensolarado,4
11,2023-02-20,Ciclismo,120,23.61,480,Ensolarado,4
3,2023-02-03,Ciclismo,107,14.2,535,Nublado,3
1,2023-01-30,Corrida,16,2.21,64,Nublado,1
27,2023-03-19,Musculação,89,0.0,623,Ensolarado,4
7,2023-04-19,Corrida,81,15.36,810,Ensolarado,5
6,2023-04-29,Ciclismo,44,8.48,440,Ventoso,1
14,2023-01-27,Caminhada,112,11.66,896,Ensolarado,5
12,2023-04-01,Natação,82,0.0,738,Ventoso,2
20,2023-03-08,Corrida,47,9.14,235,Chuvoso,1
23,2023-01-19,Musculação,79,0.0,474,Ventoso,2
19,2023-03-26,Natação,42,0.0,420,Ensolarado,5
4,2023-03-30,Caminhada,30,4.53,330,Ventoso,2
15,2023-03-12,Natação,38,0.0,380,Chuvoso,4
3,2023-03-14,Musculação,51,0.0,357,Ventoso,2
12,2023-03-03,Caminhada,18,2.6,72,Ventoso,4
8,2023-02-24,Ciclismo,47,6.94,282,Nublado,4
10,2023-02-16,Caminhada,91,17.58,546,Ensolarado,2
10,2023-04-30,Musculação,70,0.0,350,Ensolarado,2
11,2023-01-05,Natação,85,0.0,510,Ventoso,4
22,2023-01-25,Caminhada,78,9.3,780,Ensolarado,3
29,2023-04-08,Musculação,42,0.0,378,Nublado,5
30,2023-03-11,Musculação,67,0.0,670,Nublado,5
16,2023-04-26,Musculação,89,0.0,623,Ventoso,1
8,2023-03-04,Musculação,83,0.0,747,Nublado,1
2,2023-01-08,Ciclismo,46,6.64,322,Ensolarado,5
14,2023-04-29,Natação,86,0.0,774,Ventoso,2
6,2023-02-17,Musculação,83,0.0,747,Ventoso,4
15,2023-03-26,Natação,84,0.0,924,Ensolarado,2
8,2023-04-07,Corrida,111,12.83,1110,Ventoso,5
7,2023-04-25,Natação,75,0.0,300,Ensolarado,4
7,2023-01-12,Caminhada,89,13.97,890,Nublado,1
22,2023-01-18,Musculação,71,0.0,781,Chuvoso,4
18,2023-03-10,Corrida,25,4.01,275,Ensolarado,2
14,2023-03-20,Natação,49,0.0,245,Ensolarado,2
20,2023-04-21,Corrida,90,16.77,1080,Chuvoso,2
15,2023-02-03,Corrida,90,13.02,630,Ventoso,4
24,2023-03-06,Natação,44,0.0,352,Ensolarado,1
5,2023-02-10,Musculação,66,0.0,726,Ensolarado,5
16,2023-02-25,Natação,54,0.0,216,Ensolarado,4
20,2023-03-27,Ciclismo,112,12.79,448,Ensolarado,4
8,2023-01-05,Natação,46,0.0,460,Ensolarado,3
10,2023-02-17,Musculação,81,0.0,567,Ensolarado,3
17,2023-03-12,Corrida,35,6.68,140,Chuvoso,3
5,2023-02-14,Corrida,93,14.52,465,Chuvoso,5
4,2023-03-08,Corrida,90,10.15,360,Nublado,3
4,2023-03-13,Ciclismo,37,6.27,259,Ventoso,2
20,2023-03-31,Caminhada,59,6.83,531,Nublado,2
15,2023-04-17,Natação,38,0.0,304,Ensolarado,1
22,2023-04-15,Natação,49,0.0,441,Ensolarado,1
20,2023-01-02,Natação,81,0.0,405,Nublado,3
7,2023-03-07,Musculação,52,0.0,572,Ensolarado,4
17,2023-03-10,Caminhada,30,3.24,330,Chuvoso,2
10,2023-01-31,Caminhada,101,17.16,404,Ensolarado,1
21,2023-04-19,Natação,34,0.0,306,Chuvoso,5
21,2023-02-06,Corrida,115,19.65,1380,Nublado,3
20,2023-01-08,Caminhada,68,8.71,476,Chuvoso,3
30,2023-04-14,Musculação,61,0.0,671,Ensolarado,4
12,2023-01-22,Musculação,33,0.0,231,Ventoso,4
1,2023-01-31,Corrida,54,5.93,324,Nublado,4
1,2023-04-25,Natação,63,0.0,630,Ensolarado,5
8,2023-03-05,Natação,47,0.0,470,Ventoso,4
23,2023-04-30,Corrida,36,6.15,432,Chuvoso,2
8,2023-01-20,Ciclismo,117,15.22,702,Nublado,5
9,2023-03-11,Corrida,38,4.68,380,Nublado,2
25,2023-03-13,Ciclismo,89,14.96,623,Chuvoso,1
24,2023-02-28,Ciclismo,22,3.11,220,Ventoso,2
13,2023-03-10,Musculação,61,0.0,305,Nublado,1
18,2023-01-02,Corrida,16,3.14,112,Ventoso,4
22,2023-02-05,Caminhada,59,9.8,472,Ensolarado,2
19,2023-02-01,Ciclismo,20,3.52,80,Ensolarado,4
8,2023-02-27,Ciclismo,91,14.8,1092,Chuvoso,1
20,2023-01-19,Natação,72,0.0,648,Chuvoso,3
17,2023-03-24,Natação,38,0.0,152,Ventoso,2
20,2023-02-20,Natação,60,0.0,480,Ventoso,2
16,2023-04-15,Natação,90,0.0,810,Chuvoso,5
13,2023-02-20,Musculação,55,0.0,660,Chuvoso,5
27,2023-01-31,Ciclismo,70,8.51,840,Nublado,5
5,2023-04-14,Musculação,63,0.0,756,Ventoso,3
9,2023-02-25,Natação,59,0.0,708,Ensolarado,2
9,2023-02-28,Corrida,17,2.04,85,Chuvoso,1
27,2023-04-22,Ciclismo,38,6.15,342,Chuvoso,1
22,2023-03-26,Corrida,17,2.73,102,Chuvoso,2
13,2023-04-16,Caminhada,109,14.86,981,Ensolarado,5
14,2023-04-11,Corrida,104,10.66,624,Ensolarado,5
18,2023-02-04,Natação,77,0.0,539,Ventoso,2
11,2023-01-24,Ciclismo,78,12.93,936,Ventoso,5
21,2023-04-27,Ciclismo,15,1.58,60,Nublado,5
3,2023-02-23,Natação,51,0.0,357,Ensolarado,3
5,2023-02-10,Natação,61,0.0,671,Chuvoso,3
29,2023-03-24,Corrida,73,13.17,438,Ensolarado,5
9,2023-03-13,Caminhada,92,13.32,552,Ventoso,2
22,2023-03-26,Corrida,89,15.78,534,Ventoso,3
22,2023-04-04,Corrida,102,18.0,816,Chuvoso,1
21,2023-02-15,Musculação,82,0.0,984,Ensolarado,1
2,2023-03-19,Corrida,114,22.27,570,Ventoso,4
26,2023-03-03,Corrida,55,8.98,330,Ensolarado,4
21,2023-03-16,Ciclismo,21,2.54,84,Ensolarado,5
26,2023-02-21,Ciclismo,86,14.89,688,Ventoso,4
29,2023-04-17,Musculação,33,0.0,363,Nublado,5
29,2023-01-17,Ciclismo,90,17.6,450,Ventoso,3
9,2023-02-02,Ciclismo,66,11.12,264,Ensolarado,1
21,2023-02-06,Ciclismo,113,12.89,1356,Nublado,1
11,2023-01-01,Natação,83,0.0,498,Chuvoso,5
25,2023-01-09,Corrida,62,7.48,682,Chuvoso,4
16,2023-03-10,Musculação,35,0.0,175,Chuvoso,4
13,2023-04-10,Caminhada,84,12.43,840,Ensolarado,2
5,2023-03-24,Caminhada,80,10.51,400,Nublado,2
2,2023-02-19,Musculação,37,0.0,185,Chuvoso,5
10,2023-02-15,Caminhada,66,10.5,594,Ventoso,5
12,2023-01-30,Musculação,32,0.0,320,Chuvoso,3
26,2023-03-07,Corrida,46,7.24,506,Ensolarado,3
14,2023-04-09,Musculação,45,0.0,540,Ensolarado,5
17,2023-01-15,Corrida,87,11.82,783,Nublado,3
9,2023-03-04,Caminhada,111,21.25,1110,Ensolarado,2
21,2023-03-25,Caminhada,110,18.98,990,Nublado,1
25,2023-04-05,Caminhada,82,13.6,492,Ventoso,3
22,2023-04-23,Musculação,60,0.0,420,Ensolarado,4
20,2023-03-18,Ciclismo,93,13.41,837,Ventoso,5
25,2023-04-21,Ciclismo,80,11.44,560,Chuvoso,4
10,2023-01-31,Ciclismo,47,9.22,564,Chuvoso,4
8,2023-03-18,Natação,69,0.0,414,Chuvoso,2
5,2023-04-19,Natação,65,0.0,390,Ensolarado,4
16,2023-01-27,Ciclismo,91,12.36,637,Ensolarado,5
16,2023-04-26,Ciclismo,52,7.23,624,Nublado,3
28,2023-02-22,Natação,76,0.0,304,Ensolarado,2
7,2023-03-19,Ciclismo,86,12.54,688,Chuvoso,4
14,2023-04-15,Natação,84,0.0,840,Ensolarado,1
29,2023-01-08,Natação,40,0.0,320,Ventoso,3
18,2023-04-26,Caminhada,76,10.45,380,Ensolarado,1
17,2023-01-03,Musculação,62,0.0,558,Ensolarado,5
8,2023-01-03,Corrida,115,12.6,920,Ensolarado,5
28,2023-02-20,Ciclismo,113,21.38,1356,Nublado,3
10,2023-01-21,Ciclismo,90,17.56,540,Nublado,2
9,2023-03-05,Natação,39,0.0,312,Nublado,1
5,2023-04-25,Caminhada,38,4.56,152,Chuvoso,5
22,2023-03-03,Ciclismo,111,20.15,888,Ensolarado,5
28,2023-03-30,Natação,80,0.0,560,Ensolarado,2
27,2023-01-27,Musculação,73,0.0,292,Ventoso,2
5,2023-03-04,Musculação,32,0.0,384,Chuvoso,2
22,2023-01-23,Caminhada,55,9.15,605,Nublado,3
22,2023-04-01,Ciclismo,27,3.64,216,Chuvoso,5
19,2023-02-06,Ciclismo,51,7.92,255,Nublado,4
4,2023-03-17,Corrida,81,15.01,891,Nublado,4
9,2023-04-25,Musculação,42,0.0,252,Ensolarado,3
15,2023-02-11,Caminhada,80,8.41,800,Ventoso,5
5,2023-04-09,Musculação,66,0.0,396,Ensolarado,3
20,2023-02-26,Musculação,78,0.0,780,Nublado,4
7,2023-02-20,Corrida,27,4.15,135,Ventoso,2
2,2023-01-26,Ciclismo,45,4.93,450,Ventoso,1
29,2023-04-17,Musculação,43,0.0,516,Nublado,2
16,2023-01-12,Ciclismo,27,4.09,189,Ventoso,5
13,2023-04-21,Natação,73,0.0,803,Ensolarado,3
12,2023-04-09,Ciclismo,104,17.1,728,Ventoso,2
17,2023-03-29,Ciclismo,120,12.08,840,Ventoso,4
3,2023-03-19,Natação,83,0.0,664,Ventoso,3
24,2023-04-03,Natação,86,0.0,430,Ensolarado,4
12,2023-03-20,Musculação,71,0.0,355,Nublado,2
14,2023-04-28,Ciclismo,17,2.52,102,Chuvoso,2
4,2023-03-07,Natação,50,0.0,250,Chuvoso,2
7,2023-02-07,Musculação,74,0.0,740,Ventoso,4
2,2023-01-19,Caminhada,24,3.09,144,Nublado,5
16,2023-02-14,Ciclismo,89,10.22,890,Chuvoso,2
4,2023-01-21,Ciclismo,71,13.6,852,Ventoso,2
27,2023-01-05,Natação,78,0.0,858,Ensolarado,3
21,2023-04-29,Corrida,27,4.03,324,Ensolarado,1
28,2023-04-01,Musculação,35,0.0,385,Chuvoso,5
9,2023-03-31,Musculação,80,0.0,800,Nublado,2
21,2023-01-16,Musculação,90,0.0,1080,Nublado,4
21,2023-04-30,Ciclismo,16,1.96,96,Nublado,5
20,2023-01-23,Corrida,28,3.58,224,Ventoso,5
25,2023-02-03,Musculação,56,0.0,224,Ensolarado,2
27,2023-02-27,Corrida,59,7.86,590,Ventoso,1
10,2023-03-25,Ciclismo,42,7.46,252,Nublado,5
7,2023-02-27,Natação,85,0.0,340,Chuvoso,4
19,2023-03-08,Musculação,38,0.0,342,Ventoso,2
10,2023-01-13,Caminhada,98,16.03,686,Chuvoso,3
3,2023-02-17,Ciclismo,72,7.39,792,Ensolarado,3
17,2023-03-21,Caminhada,74,11.92,888,Nublado,2
27,2023-01-01,Natação,36,0.0,360,Chuvoso,2
16,2023-04-23,Caminhada,48,7.27,288,Ventoso,3
28,2023-01-23,Corrida,41,5.49,205,Ensolarado,4
10,2023-02-11,Musculação,76,0.0,532,Chuvoso,4
25,2023-04-30,Ciclismo,97,10.9,873,Ventoso,4
6,2023-03-29,Natação,57,0.0,570,Ventoso,3
19,2023-01-14,Corrida,86,15.49,516,Ensolarado,1
26,2023-03-09,Caminhada,98,14.5,980,Ensolarado,4
2,2023-03-28,Natação,68,0.0,408,Chuvoso,3
17,2023-01-16,Musculação,72,0.0,648,Ensolarado,2
1,2023-01-12,Natação,78,0.0,702,Ventoso,2
8,2023-02-17,Musculação,59,0.0,472,Nublado,4
13,2023-01-02,Corrida,15,1.66,105,Chuvoso,5
4,2023-03-06,Natação,86,0.0,430,Ensolarado,5
20,2023-02-06,Corrida,46,8.84,230,Nublado,4
6,2023-01-22,Caminhada,48,9.14,288,Ventoso,5
1,2023-03-13,Caminhada,17,3.33,85,Chuvoso,1
21,2023-04-09,Caminhada,41,5.15,410,Nublado,4
21,2023-03-18,Musculação,65,0.0,585,Nublado,4
21,2023-04-14,Corrida,90,12.79,630,Chuvoso,3
17,2023-02-10,Caminhada,95,17.6,1045,Chuvoso,3
9,2023-04-10,Ciclismo,38,7.14,418,Chuvoso,1
12,2023-03-02,Musculação,80,0.0,640,Nublado,1
4,2023-02-28,Musculação,82,0.0,492,Nublado,4
23,2023-03-19,Natação,65,0.0,390,Ensolarado,4
14,2023-04-25,Caminhada,116,22.66,1276,Chuvoso,1
7,2023-03-14,Ciclismo,23,3.43,138,Ensolarado,5
23,2023-03-27,Musculação,55,0.0,440,Nublado,1
14,2023-01-03,Musculação,60,0.0,540,Ensolarado,2
20,2023-02-07,Caminhada,72,12.27,576,Ensolarado,1
3,2023-02-14,Caminhada,97,13.7,679,Chuvoso,4
13,2023-03-12,Corrida,95,13.63,760,Ventoso,2
13,2023-03-28,Caminhada,65,11.14,520,Ventoso,5
12,2023-02-08,Caminhada,119,22.77,714,Chuvoso,1
14,2023-02-26,Caminhada,54,5.76,378,Chuvoso,2
13,2023-01-04,Musculação,51,0.0,306,Nublado,4
29,2023-01-09,Corrida,37,7.19,148,Nublado,2
1,2023-03-25,Musculação,88,0.0,880,Ventoso,2
10,2023-02-20,Caminhada,54,10.57,216,Nublado,4
6,2023-04-25,Corrida,99,11.06,792,Chuvoso,3
13,2023-01-05,Musculação,82,0.0,656,Chuvoso,4
3,2023-01-08,Natação,44,0.0,484,Chuvoso,5
30,2023-01-27,Caminhada,23,3.28,92,Ensolarado,3
1,2023-02-07,Natação,33,0.0,132,Ensolarado,5
2,2023-01-20,Musculação,85,0.0,510,Ventoso,1
19,2023-01-18,Corrida,110,17.17,550,Ensolarado,1
20,2023-04-10,Corrida,40,7.28,440,Ventoso,1
4,2023-03-02,Caminhada,79,13.64,474,Ensolarado,2
28,2023-02-17,Caminhada,80,9.04,960,Ensolarado,5
8,2023-01-13,Caminhada,62,9.48,558,Ventoso,3
8,2023-03-14,Corrida,34,5.46,306,Chuvoso,3
17,2023-02-17,Corrida,16,1.6,128,Nublado,2
6,2023-01-15,Caminhada,109,16.17,654,Chuvoso,3
27,2023-01-18,Corrida,37,7.09,333,Chuvoso,2
21,2023-01-13,Musculação,80,0.0,880,Nublado,3
11,2023-01-25,Corrida,94,15.71,658,Chuvoso,4
25,2023-01-14,Natação,79,0.0,790,Chuvoso,1
21,2023-02-12,Ciclismo,65,6.72,650,Chuvoso,2
30,2023-02-03,Corrida,110,21.79,550,Chuvoso,4
1,2023-04-10,Natação,44,0.0,264,Chuvoso,3
30,2023-04-16,Musculação,70,0.0,350,Nublado,4
7,2023-04-22,Musculação,69,0.0,345,Ventoso,3
27,2023-03-30,Corrida,48,4.82,288,Chuvoso,2
29,2023-02-21,Ciclismo,89,13.78,623,Ensolarado,5
25,2023-04-20,Ciclismo,73,13.69,803,Chuvoso,3
12,2023-01-15,Corrida,68,9.27,748,Nublado,4
25,2023-03-18,Corrida,100,18.69,700,Ventoso,4
25,2023-02-20,Ciclismo,34,5.71,340,Ventoso,2
9,2023-01-09,Ciclismo,87,8.72,522,Ensolarado,2
9,2023-01-23,Caminhada,47,7.15,470,Chuvoso,5
24,2023-02-24,Caminhada,74,8.29,666,Chuvoso,3
24,2023-02-06,Caminhada,92,13.93,1012,Nublado,4
9,2023-04-04,Caminhada,107,11.09,428,Ventoso,5
3,2023-04-13,Natação,75,0.0,300,Ensolarado,4
22,2023-04-14,Caminhada,83,11.2,913,Ventoso,5
24,2023-04-04,Caminhada,89,10.55,356,Chuvoso,2
10,2023-02-25,Corrida,43,4.72,473,Nublado,4
11,2023-04-19,Caminhada,103,20.42,1133,Chuvoso,4
11,2023-04-01,Musculação,76,0.0,532,Ensolarado,3
30,2023-03-07,Natação,55,0.0,660,Ensolarado,3
29,2023-01-17,Musculação,38,0.0,228,Ensolarado,3
7,2023-01-06,Corrida,77,11.33,924,Ensolarado,2
21,2023-03-01,Musculação,38,0.0,304,Ensolarado,3
12,2023-04-28,Ciclismo,74,14.15,296,Chuvoso,1
29,2023-01-13,Musculação,73,0.0,365,Chuvoso,3
19,2023-02-16,Ciclismo,113,11.38,1243,Ventoso,4
21,2023-01-28,Corrida,68,12.61,748,Ventoso,4
29,2023-02-18,Ciclismo,69,12.49,690,Nublado,3
3,2023-04-14,Ciclismo,74,9.78,592,Ventoso,3
8,2023-01-21,Caminhada,31,5.29,217,Ventoso,2
4,2023-03-10,Musculação,68,0.0,748,Chuvoso,2
3,2023-03-26,Natação,40,0.0,320,Chuvoso,1
4,2023-02-18,Natação,78,0.0,702,Chuvoso,3
28,2023-04-08,Corrida,39,6.47,312,Nublado,2
28,2023-03-13,Ciclismo,75,14.69,375,Chuvoso,1
2,2023-02-18,Corrida,65,9.52,390,Nublado,1
30,2023-01-15,Ciclismo,95,10.64,950,Ensolarado,3
3,2023-03-15,Musculação,36,0.0,252,Chuvoso,4
29,2023-01-23,Musculação,58,0.0,464,Chuvoso,2
21,2023-04-14,Caminhada,48,9.09,288,Nublado,1
7,2023-03-23,Musculação,82,0.0,738,Ventoso,1
11,2023-03-08,Caminhada,117,20.93,936,Ventoso,1
5,2023-02-14,Ciclismo,78,9.56,546,Ensolarado,2
30,2023-04-08,Caminhada,70,7.7,490,Ensolarado,3
5,2023-01-26,Ciclismo,93,14.39,1023,Chuvoso,5
21,2023-04-20,Caminhada,79,15.69,632,Chuvoso,1
20,2023-03-29,Musculação,88,0.0,528,Chuvoso,2
17,2023-03-12,Corrida,54,7.77,270,Ensolarado,4
17,2023-03-09,Musculação,69,0.0,828,Ventoso,4
11,2023-03-19,Natação,44,0.0,396,Ventoso,2
17,2023-04-03,Corrida,109,16.15,654,Ensolarado,1
18,2023-04-19,Corrida,32,5.65,160,Ensolarado,3
30,2023-02-09,Ciclismo,113,12.01,452,Nublado,2
29,2023-04-11,Natação,54,0.0,648,Chuvoso,4
7,2023-02-20,Corrida,91,15.81,364,Ventoso,1
14,2023-01-20,Ciclismo,23,3.63,138,Chuvoso,3
29,2023-02-07,Caminhada,58,8.84,638,Chuvoso,3
17,2023-04-22,Natação,58,0.0,696,Chuvoso,4
22,2023-02-12,Caminhada,111,14.21,444,Nublado,4
25,2023-02-08,Caminhada,69,12.0,414,Nublado,4
7,2023-01-22,Musculação,90,0.0,630,Ensolarado,3
17,2023-04-18,Musculação,40,0.0,240,Ventoso,1
16,2023-04-30,Ciclismo,70,13.78,350,Ensolarado,5
2,2023-03-31,Corrida,116,20.26,580,Nublado,2
19,2023-01-27,Natação,53,0.0,265,Ensolarado,4
16,2023-01-17,Natação,66,0.0,792,Nublado,5
8,2023-04-08,Musculação,66,0.0,726,Chuvoso,1
5,2023-02-23,Corrida,110,20.94,660,Nublado,3
9,2023-04-12,Natação,40,0.0,440,Chuvoso,5
4,2023-04-07,Corrida,65,6.57,455,Chuvoso,4
29,2023-02-01,Natação,89,0.0,890,Ensolarado,3
3,2023-03-03,Musculação,61,0.0,488,Nublado,4
28,2023-04-02,Corrida,59,7.86,295,Chuvoso,4
1,2023-04-12,Musculação,70,0.0,420,Nublado,5
19,2023-02-13,Caminhada,103,11.0,1030,Chuvoso,4
10,2023-01-04,Caminhada,18,3.26,198,Ensolarado,2
26,2023-04-15,Natação,51,0.0,408,Nublado,4
26,2023-02-26,Corrida,92,12.19,552,Ventoso,1
10,2023-04-19,Ciclismo,88,15.9,528,Ensolarado,4
28,2023-04-07,Musculação,85,0.0,935,Nublado,4
27,2023-02-13,Ciclismo,103,19.91,927,Nublado,1
3,2023-02-01,Corrida,40,5.91,280,Ensolarado,4
11,2023-02-03,Natação,67,0.0,536,Ventoso,5
24,2023-01-05,Natação,85,0.0,935,Ventoso,2
29,2023-04-07,Caminhada,16,2.43,160,Chuvoso,2
19,2023-02-14,Natação,81,0.0,486,Nublado,3
7,2023-04-14,Corrida,60,10.42,360,Chuvoso,3
23,2023-03-21,Ciclismo,66,6.78,330,Nublado,4
14,2023-01-11,Corrida,101,15.85,1212,Ensolarado,2
11,2023-04-06,Caminhada,86,14.76,430,Nublado,2
25,2023-03-19,Musculação,68,0.0,272,Ventoso,3
7,2023-03-10,Corrida,78,8.37,312,Nublado,2
16,2023-04-07,Ciclismo,81,10.46,405,Nublado,3
28,2023-03-11,Corrida,94,12.54,752,Nublado,5
10,2023-01-02,Musculação,56,0.0,504,Ensolarado,3
9,2023-04-16,Natação,82,0.0,410,Chuvoso,5
5,2023-02-15,Corrida,107,10.86,1070,Ensolarado,4
8,2023-04-16,Caminhada,87,12.75,348,Nublado,5
15,2023-03-10,Corrida,97,17.23,388,Ensolarado,2
13,2023-02-19,Musculação,41,0.0,287,Ensolarado,1
28,2023-01-06,Caminhada,66,11.99,396,Ventoso,1
22,2023-02-10,Caminhada,81,9.73,972,Chuvoso,5
8,2023-03-28,Corrida,68,10.15,272,Nublado,3
15,2023-04-04,Ciclismo,87,10.42,348,Nublado,1
10,2023-04-07,Natação,51,0.0,408,Nublado,2
19,2023-04-03,Caminhada,50,5.28,500,Ensolarado,5
26,2023-04-20,Caminhada,35,6.27,245,Ventoso,4
5,2023-03-13,Caminhada,94,15.87,846,Ensolarado,5
17,2023-01-30,Ciclismo,80,11.2,560,Ensolarado,5
4,2023-01-20,Ciclismo,53,5.45,265,Nublado,5
21,2023-03-09,Musculação,80,0.0,480,Ventoso,3
1,2023-04-08,Natação,38,0.0,152,Nublado,4
22,2023-03-20,Natação,79,0.0,790,Ensolarado,2
19,2023-02-04,Ciclismo,58,9.66,464,Ventoso,3
27,2023-02-07,Corrida,48,8.15,432,Chuvoso,2
30,2023-02-13,Ciclismo,45,8.91,315,Nublado,4
4,2023-03-10,Natação,72,0.0,432,Chuvoso,4
1,2023-04-23,Musculação,72,0.0,288,Ventoso,1
9,2023-04-13,Ciclismo,80,10.4,400,Ensolarado,5
14,2023-03-28,Musculação,52,0.0,312,Nublado,1
10,2023-04-04,Natação,41,0.0,451,Chuvoso,2
30,2023-04-19,Musculação,67,0.0,469,Ensolarado,4
26,2023-01-25,Natação,57,0.0,456,Chuvoso,1
26,2023-01-18,Caminhada,119,19.37,1428,Nublado,1
30,2023-04-09,Caminhada,66,11.67,594,Chuvoso,4
5,2023-02-06,Corrida,67,11.32,335,Ventoso,5
6,2023-01-09,Corrida,65,8.0,325,Ventoso,5
10,2023-03-11,Corrida,87,9.13,870,Chuvoso,2
29,2023-04-10,Ciclismo,35,5.79,175,Ensolarado,5
20,2023-01-19,Natação,52,0.0,572,Nublado,4
25,2023-01-20,Musculação,68,0.0,408,Chuvoso,2
25,2023-03-26,Corrida,57,6.55,684,Chuvoso,5
29,2023-02-01,Corrida,109,19.02,1308,Ensolarado,4
17,2023-03-20,Caminhada,51,6.81,255,Nublado,1
21,2023-04-29,Caminhada,48,7.26,432,Nublado,5
29,2023-02-13,Natação,76,0.0,380,Ventoso,2
2,2023-03-27,Corrida,71,13.73,568,Chuvoso,3
15,2023-01-03,Natação,76,0.0,684,Nublado,3
24,2023-02-16,Natação,88,0.0,880,Nublado,1
13,2023-03-22,Musculação,64,0.0,512,Ventoso,5
1,2023-03-11,Corrida,55,5.63,330,Ensolarado,2
2,2023-03-26,Musculação,48,0.0,336,Chuvoso,2
19,2023-01-11,Ciclismo,100,14.33,800,Ensolarado,1
15,2023-02-05,Caminhada,42,4.87,462,Ensolarado,2
28,2023-01-01,Ciclismo,88,17.52,352,Ensolarado,3
25,2023-01-07,Ciclismo,43,6.43,344,Chuvoso,5
11,2023-03-25,Caminhada,93,14.0,372,Nublado,2
24,2023-01-28,Ciclismo,27,3.08,108,Ensolarado,5
27,2023-04-03,Musculação,57,0.0,627,Ventoso,4
1,2023-04-05,Musculação,78,0.0,936,Chuvoso,5
7,2023-01-17,Musculação,49,0.0,588,Chuvoso,4
20,2023-03-08,Corrida,73,11.47,511,Ventoso,3
18,2023-03-26,Natação,77,0.0,385,Chuvoso,5
23,2023-02-02,Musculação,47,0.0,517,Ventoso,1
30,2023-03-17,Natação,50,0.0,250,Ventoso,3
24,2023-01-01,Corrida,106,14.09,530,Nublado,5
22,2023-03-27,Corrida,17,1.73,187,Ensolarado,5
22,2023-04-27,Corrida,78,13.58,624,Chuvoso,3
7,2023-04-06,Caminhada,92,13.31,1012,Chuvoso,3
1,2023-04-08,Musculação,79,0.0,632,Ensolarado,3
23,2023-01-12,Ciclismo,64,9.32,576,Chuvoso,5
30,2023-03-29,Ciclismo,105,12.42,1155,Ventoso,3
16,2023-01-13,Corrida,102,20.37,1224,Ensolarado,3
12,2023-04-21,Natação,53,0.0,212,Ventoso,3
6,2023-02-06,Caminhada,20,3.08,160,Chuvoso,3
25,2023-03-21,Natação,34,0.0,306,Ensolarado,4
27,2023-03-21,Ciclismo,60,11.39,480,Chuvoso,4
1,2023-02-27,Ciclismo,46,6.2,322,Ensolarado,1
13,2023-02-26,Caminhada,97,18.09,388,Chuvoso,1
22,2023-01-02,Caminhada,47,5.7,282,Ventoso,1
23,2023-04-09,Caminhada,86,9.08,430,Nublado,1
1,2023-02-02,Caminhada,82,13.62,656,Ensolarado,3
16,2023-03-16,Natação,46,0.0,414,Nublado,1
24,2023-03-08,Ciclismo,71,10.82,284,Ventoso,3
2,2023-03-09,Ciclismo,106,18.43,1272,Nublado,1
27,2023-04-04,Musculação,50,0.0,300,Nublado,5
16,2023-03-11,Caminhada,70,8.26,560,Nublado,1
12,2023-03-28,Natação,84,0.0,756,Chuvoso,2
13,2023-01-01,Corrida,113,18.99,565,Nublado,5
11,2023-04-25,Musculação,40,0.0,160,Ensolarado,5
30,2023-01-21,Musculação,39,0.0,195,Nublado,2
18,2023-01-24,Caminhada,64,6.52,512,Chuvoso,5
25,2023-01-03,Ciclismo,90,17.27,810,Chuvoso,3
3,2023-03-15,Natação,53,0.0,265,Ventoso,2
12,2023-03-15,Natação,81,0.0,486,Nublado,5
6,2023-03-18,Ciclismo,120,18.07,600,Chuvoso,5
19,2023-03-13,Musculação,36,0.0,216,Chuvoso,3
15,2023-02-03,Caminhada,38,5.3,342,Ensolarado,3
5,2023-02-03,Ciclismo,58,8.4,290,Chuvoso,3
9,2023-04-22,Natação,82,0.0,492,Ventoso,2
7,2023-01-21,Musculação,59,0.0,590,Nublado,1
12,2023-01-18,Corrida,71,10.01,355,Ensolarado,4
10,2023-03-21,Ciclismo,70,7.02,490,Ventoso,5
16,2023-04-18,Caminhada,91,12.97,910,Ventoso,1
10,2023-01-23,Ciclismo,56,6.28,616,Nublado,5
28,2023-02-19,Ciclismo,106,11.93,424,Ventoso,3
16,2023-04-21,Natação,62,0.0,434,Chuvoso,5
27,2023-01-04,Caminhada,104,11.83,728,Chuvoso,1
28,2023-02-06,Musculação,57,0.0,399,Ensolarado,2
28,2023-04-12,Musculação,54,0.0,324,Chuvoso,5
26,2023-03-12,Ciclismo,113,12.72,1130,Ventoso,3
29,2023-04-22,Caminhada,93,15.98,558,Ensolarado,5
13,2023-03-26,Caminhada,59,7.73,354,Chuvoso,4
9,2023-02-20,Musculação,45,0.0,495,Nublado,2
16,2023-04-08,Caminhada,19,3.3,190,Nublado,5
10,2023-03-30,Caminhada,28,3.67,168,Nublado,2
10,2023-01-17,Ciclismo,59,7.13,354,Ensolarado,1
5,2023-04-30,Natação,66,0.0,528,Chuvoso,2
2,2023-02-05,Musculação,90,0.0,810,Ensolarado,4
9,2023-02-12,Musculação,65,0.0,780,Chuvoso,1
18,2023-03-13,Corrida,18,2.41,180,Ventoso,3
29,2023-03-27,Musculação,81,0.0,567,Ensolarado,4
14,2023-03-27,Corrida,90,17.88,720,Chuvoso,2
2,2023-01-02,Ciclismo,64,11.67,256,Chuvoso,3
17,2023-03-17,Musculação,55,0.0,660,Ensolarado,1
20,2023-03-12,Ciclismo,42,5.56,504,Ventoso,2
2,2023-04-23,Corrida,19,3.11,133,Ventoso,5
23,2023-03-24,Corrida,67,8.09,335,Ensolarado,2
9,2023-01-31,Ciclismo,42,8.03,420,Ventoso,2
28,2023-01-27,Corrida,81,10.37,567,Ensolarado,5
12,2023-04-19,Natação,46,0.0,552,Nublado,4
19,2023-01-28,Musculação,33,0.0,165,Chuvoso,4
21,2023-01-13,Corrida,27,3.59,135,Chuvoso,1
8,2023-04-22,Natação,80,0.0,400,Ensolarado,4
16,2023-01-20,Natação,44,0.0,264,Nublado,2
2,2023-04-02,Musculação,33,0.0,363,Ventoso,5
18,2023-01-31,Caminhada,46,5.6,230,Chuvoso,2
23,2023-02-07,Corrida,72,10.45,792,Chuvoso,4
7,2023-04-14,Caminhada,100,11.6,700,Ventoso,3
14,2023-02-03,Caminhada,36,4.07,432,Ventoso,1
26,2023-01-31,Musculação,87,0.0,783,Chuvoso,1
10,2023-02-27,Ciclismo,65,7.96,585,Ensolarado,3
27,2023-01-05,Caminhada,108,18.92,1296,Ensolarado,1
2,2023-02-22,Musculação,49,0.0,539,Chuvoso,1
29,2023-03-13,Caminhada,28,3.98,112,Chuvoso,1
2,2023-02-14,Corrida,94,15.89,376,Ensolarado,5
25,2023-03-11,Corrida,42,6.69,420,Chuvoso,1
4,2023-01-24,Corrida,34,5.29,238,Ventoso,5
30,2023-02-03,Caminhada,41,4.31,492,Ventoso,1
28,2023-01-30,Ciclismo,65,10.99,715,Ensolarado,2
8,2023-04-22,Corrida,34,4.88,374,Ventoso,3
20,2023-04-14,Ciclismo,85,8.81,850,Nublado,4
24,2023-03-15,Ciclismo,21,3.94,210,Ventoso,4
20,2023-04-06,Caminhada,57,10.1,684,Nublado,1
10,2023-04-21,Musculação,62,0.0,434,Chuvoso,3
8,2023-04-21,Musculação,57,0.0,456,Chuvoso,4
11,2023-04-06,Natação,83,0.0,581,Ensolarado,3
10,2023-01-25,Corrida,46,6.48,552,Nublado,3
7,2023-02-23,Caminhada,46,5.86,414,Ventoso,1
19,2023-03-02,Caminhada,101,11.08,606,Ensolarado,5
26,2023-02-04,Natação,30,0.0,300,Ventoso,2
1,2023-03-19,Ciclismo,115,12.19,1150,Chuvoso,4
26,2023-04-03,Caminhada,20,2.53,220,Ensolarado,1
2,2023-01-20,Musculação,65,0.0,455,Nublado,3
14,2023-01-18,Musculação,48,0.0,528,Nublado,1
9,2023-01-19,Musculação,42,0.0,294,Nublado,1
29,2023-04-02,Corrida,71,9.06,852,Ensolarado,4
15,2023-04-14,Musculação,79,0.0,474,Ensolarado,2
21,2023-04-21,Corrida,81,11.34,405,Chuvoso,1
22,2023-04-23,Caminhada,107,16.15,856,Ventoso,1
14,2023-04-21,Caminhada,77,8.98,539,Ensolarado,5
17,2023-01-13,Musculação,43,0.0,516,Ventoso,3
9,2023-01-30,Musculação,33,0.0,297,Chuvoso,1
29,2023-04-01,Musculação,67,0.0,402,Ensolarado,4
25,2023-01-03,Caminhada,60,7.5,360,Ensolarado,5
6,2023-04-20,Ciclismo,70,12.25,490,Chuvoso,5
18,2023-03-16,Corrida,21,2.58,189,Chuvoso,4
26,2023-04-03,Musculação,48,0.0,384,Chuvoso,3
5,2023-01-09,Caminhada,83,9.24,415,Nublado,2
11,2023-02-23,Ciclismo,83,10.38,747,Chuvoso,3
17,2023-04-22,Corrida,81,14.61,405,Ventoso,1
19,2023-04-16,Caminhada,73,13.07,365,Ventoso,2
13,2023-04-05,Ciclismo,67,12.51,268,Chuvoso,4
9,2023-02-06,Ciclismo,25,4.93,275,Chuvoso,5
7,2023-03-13,Corrida,43,6.21,516,Ventoso,2
18,2023-03-11,Corrida,107,12.81,856,Nublado,3
2,2023-03-07,Natação,74,0.0,592,Ventoso,2
2,2023-01-25,Musculação,49,0.0,343,Ventoso,3
1,2023-01-06,Caminhada,70,10.85,280,Nublado,1
12,2023-02-23,Ciclismo,112,14.21,1120,Chuvoso,5
5,2023-04-03,Corrida,56,6.8,224,Ventoso,4
9,2023-02-12,Ciclismo,79,13.55,553,Ensolarado,4
26,2023-02-01,Ciclismo,50,5.8,300,Ventoso,2
2,2023-01-11,Ciclismo,65,9.08,260,Nublado,5
10,2023-04-01,Natação,71,0.0,284,Nublado,3
16,2023-02-18,Corrida,93,15.57,837,Ensolarado,4
12,2023-01-29,Musculação,67,0.0,268,Ensolarado,3
22,2023-03-01,Ciclismo,54,6.96,270,Ensolarado,1
28,2023-03-27,Musculação,57,0.0,399,Ventoso,2
16,2023-04-16,Musculação,73,0.0,730,Ventoso,2
5,2023-01-01,Musculação,59,0.0,295,Ventoso,3
24,2023-01-23,Corrida,87,15.38,783,Ventoso,5
7,2023-04-02,Caminhada,101,18.13,404,Nublado,3
10,2023-03-10,Natação,84,0.0,840,Ensolarado,4
3,2023-03-02,Natação,76,0.0,836,Chuvoso,4
20,2023-01-09,Natação,43,0.0,430,Ventoso,3
15,2023-03-24,Ciclismo,114,19.26,1026,Ensolarado,3
21,2023-03-14,Ciclismo,90,10.22,1080,Chuvoso,1
6,2023-04-04,Corrida,86,13.63,1032,Ventoso,5
16,2023-02-05,Ciclismo,15,2.74,150,Chuvoso,3
14,2023-01-07,Corrida,20,2.5,100,Ensolarado,4
16,2023-03-18,Ciclismo,29,3.68,116,Nublado,4
20,2023-01-07,Corrida,17,2.13,102,Ventoso,2
29,2023-04-15,Ciclismo,45,7.38,540,Ensolarado,1
26,2023-02-27,Caminhada,57,6.56,285,Ensolarado,5
2,2023-04-25,Corrida,96,11.79,960,Chuvoso,1
16,2023-02-03,Corrida,86,9.89,774,Chuvoso,5
28,2023-03-25,Ciclismo,83,13.93,581,Chuvoso,5
8,2023-01-21,Ciclismo,60,6.4,480,Ventoso,4
17,2023-02-02,Musculação,39,0.0,195,Chuvoso,4
4,2023-04-15,Ciclismo,119,12.49,1428,Ensolarado,5
9,2023-04-30,Musculação,76,0.0,684,Nublado,1
2,2023-04-30,Corrida,17,2.1,153,Ensolarado,1
10,2023-02-02,Caminhada,22,4.34,110,Ventoso,2
9,2023-02-04,Musculação,68,0.0,340,Nublado,5
4,2023-02-17,Natação,88,0.0,704,Chuvoso,1
3,2023-02-22,Natação,90,0.0,810,Chuvoso,1
5,2023-03-04,Natação,44,0.0,308,Ensolarado,4
12,2023-03-10,Corrida,35,4.12,245,Ensolarado,3
23,2023-03-06,Caminhada,22,3.58,154,Ventoso,5
19,2023-01-26,Caminhada,79,8.7,869,Nublado,3
28,2023-03-19,Natação,51,0.0,204,Ventoso,1
11,2023-02-19,Caminhada,62,7.68,558,Ventoso,4
23,2023-03-13,Natação,75,0.0,525,Nublado,1
26,2023-02-18,Ciclismo,38,4.53,342,Ventoso,1
29,2023-04-19,Corrida,115,18.46,460,Chuvoso,2
6,2023-02-15,Caminhada,68,9.11,544,Chuvoso,4
24,2023-01-22,Caminhada,101,11.49,1111,Nublado,4
18,2023-03-22,Natação,50,0.0,250,Ensolarado,2
23,2023-02-15,Natação,72,0.0,504,Ensolarado,3
12,2023-03-20,Corrida,27,4.59,324,Nublado,1
15,2023-03-02,Corrida,45,4.84,315,Nublado,3
12,2023-01-01,Natação,74,0.0,592,Ensolarado,3
20,2023-01-08,Natação,40,0.0,400,Ensolarado,4
30,2023-03-12,Ciclismo,99,14.41,1188,Chuvoso,1
12,2023-01-03,Corrida,74,11.0,296,Nublado,5
2,2023-03-28,Corrida,63,6.93,378,Ventoso,5
19,2023-04-28,Natação,66,0.0,660,Ensolarado,5
2,2023-03-15,Ciclismo,36,5.74,396,Nublado,4
7,2023-01-02,Musculação,79,0.0,316,Ventoso,4
13,2023-02-04,Caminhada,58,9.37,696,Ensolarado,2
19,2023-03-28,Corrida,72,10.69,792,Chuvoso,4
8,2023-04-08,Corrida,19,3.29,171,Ventoso,4
8,2023-03-19,Musculação,31,0.0,372,Nublado,5
25,2023-02-12,Ciclismo,103,11.91,824,Nublado,4
28,2023-04-28,Musculação,88,0.0,440,Chuvoso,4
7,2023-01-09,Musculação,89,0.0,801,Ventoso,2
25,2023-04-14,Caminhada,118,18.12,590,Chuvoso,4
12,2023-04-12,Natação,87,0.0,870,Chuvoso,4
22,2023-02-03,Corrida,41,7.9,369,Nublado,1
11,2023-01-02,Caminhada,68,8.18,680,Nublado,4
11,2023-01-15,Corrida,41,6.7,205,Nublado,3
30,2023-01-11,Ciclismo,35,4.32,350,Chuvoso,3
29,2023-04-15,Ciclismo,45,7.42,495,Ensolarado,2
16,2023-03-24,Musculação,34,0.0,136,Chuvoso,4
24,2023-02-04,Ciclismo,80,15.57,480,Chuvoso,3
5,2023-01-24,Natação,55,0.0,440,Chuvoso,4
16,2023-04-19,Caminhada,37,5.9,259,Chuvoso,4
21,2023-04-15,Caminhada,77,8.17,847,Chuvoso,1
11,2023-03-05,Natação,71,0.0,781,Ensolarado,1
27,2023-04-06,Musculação,48,0.0,384,Ventoso,3
29,2023-03-25,Caminhada,29,3.91,319,Ventoso,5
2,2023-02-20,Musculação,52,0.0,208,Chuvoso,1
19,2023-03-02,Musculação,69,0.0,690,Nublado,1
10,2023-03-07,Musculação,42,0.0,504,Nublado,1
17,2023-02-21,Corrida,85,8.96,765,Chuvoso,1
15,2023-03-29,Ciclismo,80,12.71,800,Chuvoso,4
9,2023-03-20,Musculação,88,0.0,616,Chuvoso,2
8,2023-04-29,Ciclismo,77,13.39,539,Chuvoso,3
7,2023-04-28,Musculação,75,0.0,675,Nublado,1
26,2023-02-19,Ciclismo,112,13.5,784,Ventoso,2
16,2023-03-30,Natação,69,0.0,345,Ensolarado,3
7,2023-01-04,Corrida,59,6.41,649,Chuvoso,3
16,2023-02-18,Natação,44,0.0,528,Chuvoso,5
30,2023-03-19,Corrida,95,12.58,950,Chuvoso,1
18,2023-04-10,Ciclismo,94,13.87,940,Chuvoso,3
18,2023-01-20,Ciclismo,118,23.11,708,Ensolarado,3
2,2023-03-30,Ciclismo,98,14.75,882,Ventoso,5
12,2023-04-22,Corrida,104,18.11,1248,Ventoso,1
25,2023-01-26,Musculação,81,0.0,810,Ensolarado,4
22,2023-02-24,Musculação,65,0.0,780,Nublado,1
3,2023-04-21,Natação,56,0.0,672,Chuvoso,2
16,2023-03-01,Ciclismo,95,15.62,760,Ventoso,3
4,2023-04-17,Corrida,58,10.2,638,Nublado,5
9,2023-01-07,Corrida,72,8.5,792,Chuvoso,5
5,2023-01-21,Musculação,34,0.0,238,Nublado,4
2,2023-01-16,Musculação,52,0.0,468,Ventoso,3
8,2023-04-29,Corrida,67,12.0,737,Ensolarado,5
20,2023-04-02,Musculação,59,0.0,472,Ensolarado,3
18,2023-03-03,Corrida,99,18.01,1188,Chuvoso,1
20,2023-04-11,Natação,32,0.0,192,Chuvoso,2
11,2023-04-16,Caminhada,43,5.93,387,Ensolarado,3
30,2023-02-13,Musculação,86,0.0,946,Nublado,4
14,2023-03-14,Musculação,50,0.0,500,Ventoso,4
7,2023-01-21,Caminhada,21,3.73,84,Ventoso,1
6,2023-01-14,Ciclismo,81,9.82,405,Ensolarado,4
7,2023-03-09,Corrida,35,4.82,175,Ventoso,3
17,2023-04-08,Ciclismo,101,14.72,505,Ensolarado,2
17,2023-01-14,Corrida,86,16.7,430,Ensolarado,1
30,2023-01-24,Natação,89,0.0,979,Nublado,3
22,2023-02-07,Musculação,66,0.0,462,Chuvoso,3
25,2023-01-17,Caminhada,36,4.79,252,Nublado,2
24,2023-03-21,Caminhada,75,10.34,450,Ensolarado,3
4,2023-04-16,Corrida,69,7.13,483,Chuvoso,1
22,2023-01-25,Corrida,88,12.76,880,Ventoso,2
9,2023-03-30,Corrida,106,14.35,1060,Chuvoso,5
28,2023-01-03,Corrida,29,4.62,319,Ventoso,2
23,2023-04-22,Caminhada,79,7.96,553,Ensolarado,2
27,2023-04-07,Natação,80,0.0,960,Chuvoso,1
13,2023-02-16,Ciclismo,46,8.91,322,Chuvoso,1
20,2023-04-02,Corrida,21,2.29,189,Ensolarado,5
13,2023-02-04,Ciclismo,117,13.89,1287,Ventoso,2
29,2023-04-27,Musculação,35,0.0,420,Nublado,1
26,2023-02-13,Musculação,41,0.0,205,Chuvoso,4
29,2023-02-08,Ciclismo,32,6.21,224,Nublado,3
9,2023-04-11,Corrida,28,5.08,336,Ventoso,3
23,2023-01-18,Corrida,29,5.1,348,Nublado,2
5,2023-02-27,Ciclismo,78,14.61,858,Ensolarado,3
14,2023-03-11,Ciclismo,15,2.11,90,Nublado,4
30,2023-02-17,Musculação,64,0.0,448,Nublado,3
8,2023-03-21,Caminhada,119,19.5,476,Ventoso,5
22,2023-04-18,Caminhada,20,3.08,140,Chuvoso,2
1,2023-02-11,Caminhada,112,12.02,1120,Chuvoso,5
18,2023-01-23,Ciclismo,100,10.17,500,Nublado,4
10,2023-03-17,Natação,90,0.0,720,Ensolarado,5
12,2023-02-04,Corrida,16,2.55,176,Ensolarado,2
3,2023-01-08,Natação,49,0.0,245,Ensolarado,1
8,2023-04-14,Musculação,69,0.0,276,Chuvoso,3
20,2023-04-17,Musculação,59,0.0,236,Ventoso,4
10,2023-04-20,Musculação,31,0.0,217,Chuvoso,3
27,2023-02-11,Ciclismo,68,8.09,272,Ensolarado,3
29,2023-04-09,Musculação,64,0.0,448,Chuvoso,2
20,2023-01-02,Caminhada,119,23.75,833,Ensolarado,1
20,2023-01-23,Caminhada,91,10.46,637,Chuvoso,3
21,2023-02-20,Musculação,74,0.0,370,Ventoso,2
9,2023-02-03,Corrida,61,9.62,488,Nublado,3
11,2023-03-09,Natação,47,0.0,470,Ventoso,1
23,2023-01-10,Caminhada,40,7.9,240,Nublado,3
28,2023-02-17,Musculação,58,0.0,638,Ventoso,2
25,2023-03-11,Caminhada,58,6.35,406,Ventoso,3
30,2023-03-17,Corrida,17,1.75,85,Nublado,5
14,2023-03-25,Natação,62,0.0,310,Ensolarado,4
10,2023-04-03,Caminhada,74,13.92,296,Chuvoso,5
21,2023-03-12,Caminhada,62,10.05,372,Nublado,1
15,2023-03-14,Ciclismo,46,9.04,322,Ensolarado,3
4,2023-02-19,Natação,56,0.0,504,Nublado,5
13,2023-02-28,Ciclismo,68,7.88,272,Chuvoso,4
27,2023-03-26,Caminhada,29,5.79,261,Chuvoso,5
5,2023-04-04,Natação,32,0.0,224,Chuvoso,3
8,2023-01-11,Caminhada,29,5.66,319,Chuvoso,2
10,2023-03-06,Corrida,15,1.81,135,Nublado,3
26,2023-02-12,Ciclismo,54,6.45,648,Ensolarado,4
9,2023-02-07,Caminhada,49,5.31,196,Ensolarado,5
27,2023-01-17,Ciclismo,86,8.61,516,Chuvoso,2
6,2023-03-16,Caminhada,19,3.78,209,Chuvoso,5
29,2023-01-31,Natação,37,0.0,259,Nublado,2
5,2023-02-05,Musculação,60,0.0,480,Ventoso,3
7,2023-02-13,Ciclismo,32,4.68,192,Nublado,4
13,2023-02-05,Ciclismo,59,9.73,649,Nublado,4
13,2023-02-27,Caminhada,108,13.08,432,Chuvoso,5
17,2023-04-06,Corrida,99,14.67,396,Ventoso,5
20,2023-04-30,Ciclismo,18,1.83,144,Nublado,1
27,2023-01-05,Natação,51,0.0,204,Chuvoso,4
4,2023-02-18,Caminhada,109,14.5,763,Nublado,2
28,2023-03-19,Caminhada,120,22.57,1080,Ventoso,5
24,2023-01-19,Musculação,36,0.0,288,Ventoso,5
28,2023-01-15,Ciclismo,115,14.99,1380,Nublado,5
11,2023-04-09,Caminhada,88,11.75,440,Chuvoso,4
1,2023-01-15,Ciclismo,32,5.33,256,Nublado,2
6,2023-02-14,Natação,73,0.0,876,Nublado,2
19,2023-01-06,Musculação,72,0.0,504,Ventoso,3
6,2023-02-20,Caminhada,78,9.39,858,Ventoso,3
8,2023-01-16,Musculação,76,0.0,836,Ventoso,5
28,2023-04-04,Natação,50,0.0,250,Ensolarado,2
21,2023-04-17,Ciclismo,78,11.96,312,Ventoso,2
17,2023-04-06,Caminhada,31,3.18,186,Nublado,5
2,2023-02-13,Natação,79,0.0,869,Chuvoso,3
19,2023-02-12,Natação,35,0.0,280,Ventoso,1
23,2023-04-10,Caminhada,94,15.42,846,Ventoso,1
24,2023-01-16,Corrida,34,5.21,306,Nublado,1
3,2023-03-13,Corrida,99,12.94,990,Chuvoso,3
16,2023-01-08,Ciclismo,49,8.33,441,Ventoso,3
2,2023-01-11,Corrida,20,2.63,120,Ensolarado,3
19,2023-04-10,Natação,86,0.0,602,Chuvoso,5
7,2023-04-16,Ciclismo,32,5.17,320,Nublado,1
9,2023-04-06,Caminhada,56,9.4,448,Ventoso,3
29,2023-04-14,Ciclismo,95,17.63,950,Nublado,3
3,2023-01-17,Ciclismo,82,9.26,656,Ensolarado,4
23,2023-02-26,Musculação,39,0.0,468,Ventoso,1
20,2023-04-19,Musculação,45,0.0,495,Ventoso,5
11,2023-03-13,Ciclismo,20,3.65,80,Chuvoso,5
13,2023-03-30,Ciclismo,43,8.58,430,Nublado,2
22,2023-01-07,Ciclismo,27,5.34,108,Nublado,5
4,2023-01-09,Corrida,39,4.87,273,Chuvoso,4
17,2023-04-27,Caminhada,25,3.42,125,Chuvoso,4
4,2023-03-07,Natação,33,0.0,165,Ensolarado,3
10,2023-04-01,Corrida,117,22.04,585,Chuvoso,3
10,2023-01-22,Caminhada,99,14.12,693,Nublado,1
4,2023-02-23,Ciclismo,78,12.4,936,Ventoso,5
23,2023-03-09,Ciclismo,112,11.2,560,Ensolarado,4
5,2023-01-27,Natação,66,0.0,264,Ensolarado,5
17,2023-02-02,Ciclismo,48,6.39,240,Ventoso,1
24,2023-02-06,Musculação,89,0.0,712,Ventoso,5
11,2023-03-05,Natação,33,0.0,132,Ventoso,2
4,2023-03-26,Corrida,41,5.13,205,Nublado,2
17,2023-02-07,Caminhada,52,9.38,572,Ventoso,5
24,2023-03-15,Caminhada,42,5.06,168,Nublado,3
24,2023-01-22,Natação,80,0.0,560,Ensolarado,5
14,2023-04-24,Caminhada,84,11.25,504,Chuvoso,1
5,2023-01-08,Natação,89,0.0,356,Nublado,1
17,2023-01-15,Corrida,107,11.2,642,Ventoso,5
10,2023-01-04,Caminhada,28,3.33,336,Ensolarado,2
6,2023-01-02,Musculação,58,0.0,464,Chuvoso,5
20,2023-04-18,Ciclismo,80,12.79,720,Ensolarado,2
4,2023-03-12,Ciclismo,75,8.67,300,Chuvoso,2
4,2023-02-03,Natação,58,0.0,638,Nublado,3
29,2023-03-28,Musculação,65,0.0,650,Ventoso,3
15,2023-01-29,Musculação,64,0.0,640,Ensolarado,4
13,2023-01-26,Corrida,109,14.87,763,Ensolarado,5
22,2023-01-09,Corrida,106,14.92,742,Nublado,3
14,2023-01-14,Corrida,107,20.34,1070,Chuvoso,3
13,2023-03-19,Natação,54,0.0,324,Nublado,1
3,2023-01-23,Corrida,55,10.28,495,Ventoso,4
26,2023-01-26,Caminhada,22,2.99,264,Ventoso,4
19,2023-03-18,Caminhada,87,10.9,435,Nublado,3
6,2023-03-23,Musculação,78,0.0,936,Ventoso,3
5,2023-03-25,Musculação,35,0.0,280,Ventoso,3
25,2023-02-25,Musculação,30,0.0,330,Nublado,5
28,2023-02-06,Ciclismo,16,2.81,192,Chuvoso,1
14,2023-04-05,Natação,76,0.0,760,Chuvoso,5
24,2023-04-17,Caminhada,41,5.38,164,Ensolarado,1
20,2023-03-06,Caminhada,29,4.1,203,Chuvoso,3
23,2023-02-14,Natação,39,0.0,351,Chuvoso,1
9,2023-02-13,Natação,70,0.0,560,Nublado,4
19,2023-02-20,Ciclismo,92,10.16,736,Ventoso,2
26,2023-02-06,Ciclismo,50,5.24,350,Chuvoso,3
22,2023-03-22,Corrida,103,14.95,412,Chuvoso,2
16,2023-01-28,Ciclismo,57,6.22,456,Ventoso,4
10,2023-02-23,Natação,90,0.0,1080,Nublado,1
25,2023-01-16,Ciclismo,66,8.4,792,Chuvoso,5
6,2023-04-01,Caminhada,68,13.47,476,Chuvoso,3
30,2023-02-04,Natação,41,0.0,328,Nublado,1
10,2023-04-10,Caminhada,66,8.84,330,Ensolarado,5
8,2023-01-22,Caminhada,39,6.17,312,Ensolarado,2
26,2023-01-01,Natação,58,0.0,464,Chuvoso,3
6,2023-03-26,Corrida,89,11.54,356,Ventoso,4
29,2023-04-20,Corrida,70,11.7,770,Ensolarado,1
15,2023-03-28,Caminhada,43,5.49,473,Ventoso,1
21,2023-04-22,Natação,74,0.0,740,Chuvoso,4
16,2023-02-27,Natação,66,0.0,528,Ensolarado,1
4,2023-01-10,Ciclismo,103,14.67,515,Ventoso,1
30,2023-03-11,Ciclismo,33,5.83,330,Chuvoso,2
30,2023-03-30,Natação,40,0.0,280,Ventoso,4
6,2023-01-13,Natação,40,0.0,440,Ensolarado,2
11,2023-04-10,Corrida,103,11.48,824,Chuvoso,2
19,2023-03-27,Ciclismo,65,9.57,780,Ensolarado,3
21,2023-04-10,Caminhada,87,9.68,783,Ventoso,3
10,2023-01-11,Caminhada,104,12.74,1144,Ensolarado,2
26,2023-01-03,Corrida,17,2.27,102,Chuvoso,1
4,2023-04-15,Corrida,54,7.93,432,Nublado,4
9,2023-04-09,Natação,46,0.0,460,Ventoso,5
26,2023-03-08,Natação,66,0.0,726,Ventoso,2
23,2023-03-22,Ciclismo,100,14.55,600,Ensolarado,5
6,2023-01-17,Natação,90,0.0,720,Chuvoso,1
11,2023-01-15,Corrida,40,7.98,360,Ensolarado,3
20,2023-03-25,Caminhada,69,13.09,414,Chuvoso,2
8,2023-03-18,Natação,90,0.0,540,Ensolarado,1
1,2023-01-26,Corrida,107,18.05,1177,Ensolarado,3
7,2023-03-06,Natação,75,0.0,750,Nublado,2
29,2023-04-01,Musculação,89,0.0,1068,Nublado,4
13,2023-01-26,Corrida,82,14.47,820,Ventoso,2
14,2023-03-20,Musculação,62,0.0,310,Nublado,5
27,2023-04-17,Ciclismo,55,10.68,330,Ventoso,3
21,2023-03-20,Caminhada,99,14.03,693,Ventoso,4
19,2023-02-23,Musculação,75,0.0,525,Ventoso,1
1,2023-03-29,Musculação,60,0.0,720,Ensolarado,3
11,2023-04-10,Natação,60,0.0,480,Ensolarado,1
27,2023-01-09,Natação,82,0.0,492,Chuvoso,2
22,2023-01-12,Corrida,88,10.47,704,Ventoso,3
3,2023-03-07,Musculação,90,0.0,360,Ensolarado,2
22,2023-01-30,Corrida,69,7.8,621,Ensolarado,2
26,2023-01-30,Caminhada,114,17.86,570,Nublado,5
15,2023-04-23,Ciclismo,73,11.7,511,Nublado,1
10,2023-03-04,Musculação,72,0.0,288,Ventoso,2
14,2023-04-16,Caminhada,90,10.13,900,Ensolarado,5
26,2023-01-01,Musculação,45,0.0,540,Chuvoso,1
25,2023-01-17,Corrida,82,9.07,492,Ventoso,3
7,2023-01-10,Caminhada,40,6.85,240,Nublado,4
20,2023-02-22,Natação,52,0.0,312,Chuvoso,3
23,2023-04-23,Caminhada,62,7.68,434,Nublado,4
22,2023-03-22,Ciclismo,66,13.04,462,Nublado,1
11,2023-03-27,Natação,87,0.0,348,Chuvoso,2
27,2023-03-04,Ciclismo,97,18.84,582,Nublado,3
15,2023-04-30,Caminhada,44,6.73,264,Ventoso,5
20,2023-04-15,Ciclismo,106,10.82,424,Ventoso,2
2,2023-04-17,Ciclismo,101,15.85,707,Ventoso,1
25,2023-02-21,Musculação,64,0.0,320,Chuvoso,4
2,2023-04-16,Natação,60,0.0,240,Ventoso,2
28,2023-03-31,Ciclismo,103,19.96,927,Ventoso,3
