Data,Produto,Preço_Unitário,Quantidade,Vendedor,Região,Total_Venda
16/10/2022,Produto D,11.73,2.0,Eliana,Norte,23.46
09/12/2023,Produto D,100.73,18.0,Ana,Leste,1813.14
27/05/2023,Produto D,312.93,20.0,David,Norte,6258.6
01/07/2022,Produto D,105.21,13.0,Bruno,Sul,1367.73
01/05/2021,Produto D,181.36,14.0,David,Leste,2727.223345059628
01/10/2021,Produto D,315.85,4.0,Bruno,Centro,1263.4
28/11/2023,Produto C,85.44,16.0,David,Oeste,1367.04
31/05/2021,Produto D,463.34,3.0,David,Norte,1390.02
15/03/2021,Produto D,391.08,8.0,Eliana,Centro,3128.64
13/02/2021,Produto B,288.66,19.0,Ana,Oeste,5484.540000000001
05/02/2023,Produto E,351.2,3.0,Eliana,Oeste,1053.6
27/10/2023,Produto A,295.7,2.0,Carla,Leste,591.4
08/07/2021,Produto D,158.16,1.0,Eliana,Oeste,158.16
16/03/2021,Produto B,220.31,11.0,Ana,Sul,2423.41
22/01/2021,Produto A,142.61,6.0,David,Sul,919.0780481732158
10/12/2021,Produto C,90.9,16.0,Eliana,Centro,1454.4
03/07/2023,Produto E,36.0,17.0,David,Sul,612.0
08/07/2022,Produto B,353.29,9.0,Eliana,Norte,3179.61
01/04/2022,Produto D,74.53,15.0,Bruno,Centro,1117.95
15/04/2021,Produto D,,,Ana,Oeste,
09/01/2022,Produto A,419.78,8.0,David,Centro,3358.24
18/08/2022,Produto A,465.4,20.0,Ana,Norte,9308.0
30/08/2022,Produto B,450.4,16.0,Eliana,Norte,7206.4
30/08/2021,Produto C,472.07,5.0,Bruno,Oeste,2360.35
07/09/2022,Produto C,53.85,9.0,David,Centro,484.65000000000003
30/08/2021,Produto E,447.65,20.0,Ana,Centro,8953.0
07/03/2022,Produto B,409.7,17.0,Carla,Leste,6964.9
05/06/2021,Produto E,22.59,15.0,Eliana,Centro,338.85
16/02/2021,Produto E,378.31,20.0,Bruno,Centro,7566.2
05/08/2021,Produto B,,,Eliana,Leste,
02/09/2021,Produto D,320.47,12.0,Carla,Centro,3845.6400000000003
19/11/2023,Produto E,76.52,14.0,Bruno,Oeste,1071.28
26/07/2023,Produto D,320.22,8.0,Eliana,Sul,2561.76
02/04/2021,Produto A,191.88,10.0,Eliana,Oeste,1918.8
12/10/2021,Produto A,375.16,1.0,David,Sul,402.9653373450478
29/09/2023,Produto B,456.72,5.0,Bruno,Norte,2283.6000000000004
26/10/2021,Produto C,446.08,10.0,Bruno,Sul,4460.8
13/06/2023,Produto D,390.95,11.0,Bruno,Oeste,4300.45
16/11/2022,Produto A,270.61,8.0,David,Norte,2325.332123658032
01/05/2023,Produto C,351.82,4.0,Ana,Sul,1407.28
22/07/2023,Produto E,321.34,18.0,Carla,Oeste,5784.12
29/10/2022,Produto C,353.92,17.0,Bruno,Centro,6016.64
01/11/2022,Produto B,285.7,18.0,Ana,Sul,5142.599999999999
05/07/2021,Produto D,,,Carla,Sul,
16/06/2022,Produto C,472.9,10.0,David,Leste,4729.0
31/10/2022,Produto C,232.63,6.0,Carla,Norte,1395.78
28/06/2023,Produto A,332.12,11.0,Ana,Leste,3653.32
09/11/2022,Produto C,334.77,11.0,David,Norte,3682.47
13/07/2022,Produto A,147.12,18.0,Eliana,Centro,2648.16
05/03/2023,Produto D,131.57,7.0,Ana,Centro,920.99
06/07/2022,Produto E,328.82,14.0,Bruno,Sul,4603.48
07/01/2021,Produto A,395.64,8.0,David,Oeste,3165.12
12/08/2023,Produto E,460.37,3.0,Ana,Centro,1381.1100000000001
20/10/2022,Produto D,418.12,1.0,David,Norte,418.12
05/05/2021,Produto D,409.64,1.0,Ana,Leste,409.64
23/09/2022,Produto C,264.74,13.0,David,Oeste,3696.6989132995614
23/07/2022,Produto A,291.97,16.0,Ana,Oeste,4671.52
07/03/2023,Produto C,451.72,18.0,David,Oeste,8130.960000000001
07/08/2023,Produto D,201.43,1.0,David,Norte,201.43
17/10/2022,Produto C,454.92,1.0,David,Norte,454.92
25/09/2021,Produto D,461.98,13.0,Bruno,Norte,6005.74
29/03/2023,Produto C,69.91,19.0,Carla,Sul,1328.29
19/05/2021,Produto E,408.37,5.0,Eliana,Sul,2041.85
17/04/2022,Produto E,452.17,15.0,Carla,Sul,6782.55
10/07/2022,Produto B,68.81,8.0,Eliana,Sul,550.48
24/08/2022,Produto C,142.51,12.0,Carla,Leste,1836.8671572142903
26/06/2023,Produto B,246.93,16.0,Bruno,Centro,4243.703198661378
05/07/2021,Produto D,60.52,16.0,Carla,Oeste,968.32
12/09/2023,Produto B,16.94,4.0,Ana,Oeste,67.76
10/02/2021,Produto C,111.68,7.0,Carla,Sul,781.76
14/08/2021,Produto D,225.21,19.0,Carla,Centro,4278.99
13/12/2022,Produto A,162.54,15.0,Ana,Norte,2438.1
19/06/2022,Produto C,408.01,15.0,Bruno,Leste,6120.15
25/10/2021,Produto C,370.99,16.0,Bruno,Leste,6375.7803817737195
08/09/2022,Produto C,219.55,7.0,Ana,Norte,1650.7550876925493
19/08/2021,Produto E,117.63,10.0,Eliana,Centro,1263.4825842813193
26/06/2023,Produto E,47.83,12.0,Eliana,Oeste,573.96
13/05/2023,Produto C,304.74,2.0,Bruno,Oeste,609.48
04/01/2021,Produto A,187.9,19.0,Ana,Sul,3570.1
27/12/2023,Produto B,48.28,18.0,Carla,Oeste,869.04
02/09/2023,Produto A,224.41,9.0,Ana,Centro,2019.69
18/11/2023,Produto D,13.02,14.0,Bruno,Centro,182.28
24/02/2022,Produto B,471.02,9.0,Ana,Leste,4239.18
03/06/2021,Produto D,483.55,20.0,Eliana,Norte,9671.0
14/05/2022,Produto A,,,Bruno,Norte,
18/09/2022,Produto D,68.44,8.0,Eliana,Leste,547.52
07/04/2023,Produto D,144.22,1.0,Ana,Sul,144.22
03/09/2022,Produto C,453.41,3.0,Carla,Centro,1360.23
16/02/2021,Produto E,32.22,10.0,Carla,Sul,322.2
03/04/2022,Produto B,234.02,11.0,Carla,Norte,2574.2200000000003
22/04/2022,Produto E,154.3,10.0,Eliana,Sul,1543.0
20/01/2022,Produto A,32.69,9.0,Bruno,Oeste,294.21
20/04/2021,Produto A,488.8,12.0,Ana,Sul,6300.334477905727
10/07/2022,Produto C,232.72,15.0,David,Sul,3490.8
16/06/2021,Produto D,37.8,10.0,Carla,Centro,378.0
12/02/2023,Produto D,166.06,7.0,Bruno,Leste,1162.42
10/02/2022,Produto D,87.59,20.0,Carla,Norte,1751.8000000000002
01/08/2023,Produto A,463.31,6.0,Bruno,Oeste,2779.86
24/06/2021,Produto B,462.45,10.0,Carla,Centro,4624.5
23/09/2021,Produto E,416.53,19.0,Ana,Oeste,7914.07
10/12/2022,Produto C,59.83,10.0,Carla,Norte,598.3
26/09/2021,Produto D,21.15,10.0,Eliana,Centro,227.17552203986995
06/02/2021,Produto E,405.73,9.0,Ana,Oeste,3651.57
06/12/2022,Produto A,49.13,14.0,Carla,Leste,687.82
17/03/2021,Produto B,127.2,15.0,Eliana,Norte,1908.0
09/08/2023,Produto E,39.24,10.0,Eliana,Oeste,392.40000000000003
16/06/2022,Produto A,430.12,19.0,Carla,Norte,8777.9762423451
18/11/2022,Produto A,119.09,18.0,Ana,Centro,2143.62
16/01/2021,Produto C,342.37,13.0,Bruno,Sul,4450.81
09/09/2021,Produto D,54.22,3.0,Carla,Centro,162.66
10/04/2021,Produto D,258.54,3.0,Bruno,Oeste,775.6200000000001
22/12/2023,Produto C,276.26,10.0,Ana,Norte,2762.6
05/09/2022,Produto D,434.22,2.0,Eliana,Leste,932.8052499305186
16/09/2021,Produto B,336.26,8.0,Carla,Oeste,2690.08
30/08/2021,Produto D,,,Eliana,Centro,
17/12/2023,Produto D,182.54,6.0,Carla,Norte,1095.24
11/02/2022,Produto B,74.21,13.0,Eliana,Sul,964.7299999999999
28/11/2023,Produto B,215.27,5.0,Carla,Oeste,1156.1246957333997
19/08/2022,Produto A,331.71,13.0,David,Centro,4312.23
13/05/2022,Produto D,207.26,5.0,Eliana,Sul,1036.3
21/01/2023,Produto A,347.46,6.0,Ana,Leste,2084.7599999999998
07/07/2021,Produto C,31.49,13.0,David,Centro,409.37
25/10/2023,Produto E,420.17,1.0,Bruno,Sul,420.17
24/08/2021,Produto B,217.29,9.0,Eliana,Sul,1955.61
05/07/2023,Produto A,344.48,12.0,Carla,Leste,4133.76
22/07/2022,Produto E,323.23,11.0,Ana,Norte,3819.051460418056
19/09/2022,Produto A,272.01,16.0,David,Sul,4352.16
02/09/2021,Produto C,87.79,15.0,David,Centro,1414.4495801333464
27/06/2021,Produto B,458.03,2.0,Ana,Centro,983.9546511576514
10/12/2021,Produto E,441.37,17.0,David,Leste,7503.29
24/07/2023,Produto D,396.39,12.0,Carla,Centro,4756.68
05/06/2023,Produto A,263.13,17.0,David,Centro,4473.21
26/03/2022,Produto E,51.15,17.0,Carla,Oeste,869.55
27/11/2023,Produto C,15.42,6.0,David,Sul,92.52
30/08/2022,Produto E,343.81,19.0,David,Norte,6532.39
24/07/2023,Produto E,410.35,16.0,Ana,Norte,6565.6
27/05/2022,Produto C,173.21,2.0,David,Norte,346.42
30/06/2022,Produto D,65.69,19.0,Carla,Norte,1248.11
05/05/2022,Produto B,319.59,3.0,Carla,Leste,1029.8301431024402
17/12/2023,Produto D,348.66,8.0,Carla,Leste,2996.010118748787
15/02/2022,Produto D,249.57,4.0,Bruno,Leste,998.28
25/06/2021,Produto B,211.9,10.0,Ana,Norte,2119.0
12/09/2022,Produto C,106.4,18.0,Ana,Centro,1915.2
21/11/2022,Produto C,451.42,14.0,David,Leste,6319.88
12/06/2021,Produto A,220.31,16.0,Ana,Norte,3786.215736026761
02/10/2023,Produto E,35.16,18.0,Eliana,Sul,632.8799999999999
24/05/2022,Produto D,17.47,2.0,David,Sul,37.52961106417521
14/03/2022,Produto C,233.1,16.0,David,Sul,3729.6
17/07/2022,Produto C,315.73,19.0,Carla,Centro,5998.870000000001
19/03/2023,Produto A,107.35,8.0,Ana,Norte,922.4507722356516
18/11/2023,Produto D,28.47,11.0,David,Centro,313.16999999999996
07/02/2023,Produto D,387.33,10.0,Ana,Sul,3873.2999999999997
19/05/2023,Produto E,83.55,1.0,Carla,Leste,83.55
03/06/2021,Produto C,387.05,3.0,David,Leste,1161.15
20/11/2021,Produto A,356.03,15.0,Ana,Leste,5340.45
04/06/2021,Produto D,85.52,15.0,Ana,Sul,1282.8
27/12/2023,Produto D,172.23,14.0,Carla,Oeste,2411.22
17/09/2021,Produto D,434.32,13.0,Bruno,Norte,5646.16
01/08/2022,Produto A,41.26,9.0,Bruno,Centro,371.34
14/06/2021,Produto C,107.57,20.0,Ana,Centro,2151.3999999999996
21/07/2021,Produto E,365.24,10.0,Eliana,Centro,3652.4
25/05/2022,Produto C,377.06,11.0,Ana,Leste,4455.06773401365
14/11/2022,Produto E,166.67,7.0,Ana,Oeste,1166.6899999999998
20/01/2023,Produto D,185.63,13.0,Eliana,Sul,2413.19
26/11/2022,Produto B,78.42,8.0,Eliana,Centro,627.36
26/12/2023,Produto C,409.23,15.0,Bruno,Leste,6138.450000000001
08/02/2023,Produto A,94.34,8.0,Carla,Oeste,754.72
19/09/2023,Produto D,343.8,16.0,Ana,Centro,5500.8
16/01/2021,Produto B,83.41,5.0,Bruno,Leste,417.04999999999995
03/12/2023,Produto A,12.04,14.0,Ana,Sul,168.56
07/01/2021,Produto B,397.33,7.0,Ana,Leste,2781.31
23/05/2021,Produto C,306.87,4.0,Eliana,Norte,1227.48
02/08/2023,Produto A,473.2,10.0,Carla,Leste,4732.0
03/07/2023,Produto D,482.99,8.0,Ana,Norte,3863.92
16/03/2022,Produto E,,,Eliana,Centro,
26/01/2021,Produto A,153.99,13.0,Eliana,Norte,2001.8700000000001
01/06/2021,Produto A,,,Carla,Centro,
22/04/2023,Produto A,495.65,15.0,Eliana,Centro,7434.75
28/10/2021,Produto D,31.06,14.0,Carla,Norte,434.84
27/08/2022,Produto C,484.37,15.0,Ana,Centro,7804.043092939844
03/01/2021,Produto B,229.06,11.0,Bruno,Oeste,2519.66
12/04/2022,Produto C,490.55,12.0,Eliana,Norte,5886.6
17/05/2021,Produto B,328.11,17.0,Ana,Sul,5991.279097496593
11/08/2022,Produto E,229.49,4.0,Carla,Oeste,917.96
29/01/2022,Produto D,50.94,2.0,David,Oeste,101.88
11/04/2023,Produto C,23.15,1.0,Carla,Oeste,23.15
01/05/2022,Produto E,266.56,8.0,David,Sul,2132.48
20/07/2022,Produto B,154.17,13.0,David,Sul,2004.2099999999998
26/02/2023,Produto E,71.08,12.0,Carla,Leste,852.96
22/05/2022,Produto A,132.6,19.0,David,Oeste,2519.4
13/07/2023,Produto C,268.95,5.0,Eliana,Centro,1344.75
19/12/2022,Produto E,483.96,18.0,Bruno,Norte,8711.279999999999
22/06/2021,Produto C,393.45,13.0,Eliana,Norte,5114.849999999999
18/06/2022,Produto B,272.92,6.0,Bruno,Sul,1637.52
08/04/2023,Produto A,476.93,19.0,Eliana,Oeste,9061.67
30/09/2023,Produto A,89.81,17.0,Carla,Sul,1526.77
18/02/2022,Produto D,402.38,13.0,Carla,Norte,5230.94
22/04/2021,Produto A,216.49,5.0,Bruno,Centro,1082.45
04/04/2021,Produto B,193.79,7.0,Carla,Norte,1356.53
05/11/2021,Produto A,462.19,1.0,Eliana,Sul,462.19
27/03/2023,Produto A,301.26,8.0,David,Sul,2410.08
01/07/2023,Produto C,183.85,10.0,Carla,Leste,1838.5
27/09/2023,Produto E,211.48,5.0,Eliana,Norte,1057.3999999999999
29/07/2023,Produto C,460.79,20.0,Ana,Centro,9215.800000000001
07/03/2023,Produto E,,,Ana,Leste,
30/11/2022,Produto C,119.2,6.0,Carla,Centro,768.2077227560993
29/12/2022,Produto D,278.97,4.0,Bruno,Norte,1198.5844989780146
03/07/2022,Produto D,367.05,9.0,Eliana,Norte,3303.4500000000003
24/04/2023,Produto E,434.85,19.0,Bruno,Sul,8874.507042183033
05/05/2023,Produto D,340.81,18.0,Ana,Oeste,6134.58
15/09/2021,Produto E,325.92,10.0,Bruno,Leste,3500.7586828952444
15/10/2022,Produto A,427.93,10.0,Bruno,Centro,4279.3
07/07/2021,Produto B,393.4,15.0,Ana,Leste,5901.0
16/06/2022,Produto C,365.69,6.0,Ana,Leste,2194.14
04/09/2021,Produto B,459.36,8.0,David,Sul,3674.88
28/09/2021,Produto C,71.04,16.0,David,Sul,1136.64
02/05/2023,Produto A,45.71,10.0,Eliana,Sul,457.1
02/04/2021,Produto A,263.47,15.0,Eliana,Sul,3952.05
01/02/2021,Produto C,132.15,20.0,David,Norte,2643.0
19/03/2023,Produto E,21.0,13.0,Carla,Centro,273.0
05/08/2023,Produto B,422.79,7.0,Bruno,Norte,2959.53
05/07/2022,Produto C,118.62,13.0,Ana,Leste,1542.06
23/08/2021,Produto E,432.54,20.0,Eliana,Sul,8650.800000000001
12/08/2021,Produto C,366.73,4.0,David,Norte,1466.92
20/01/2022,Produto D,330.73,8.0,Bruno,Norte,2645.84
01/01/2023,Produto D,63.35,7.0,Carla,Centro,443.45
28/06/2022,Produto A,213.84,18.0,Eliana,Sul,3849.12
01/04/2023,Produto D,415.73,18.0,David,Centro,7483.14
17/12/2021,Produto E,303.53,13.0,Bruno,Norte,4238.343360103557
28/02/2021,Produto B,231.17,4.0,Bruno,Sul,924.68
19/12/2023,Produto B,387.94,20.0,David,Centro,7758.8
13/08/2023,Produto A,470.7,4.0,Bruno,Centro,1882.8
11/08/2023,Produto A,31.49,15.0,Bruno,Centro,472.34999999999997
09/03/2022,Produto D,382.96,20.0,Ana,Centro,7659.2
02/10/2021,Produto B,29.44,17.0,Bruno,Sul,500.48
22/05/2021,Produto A,233.28,11.0,David,Oeste,2756.2674401705412
29/07/2022,Produto D,,,Carla,Leste,
28/02/2022,Produto B,453.19,1.0,Carla,Centro,453.19
04/05/2023,Produto B,277.45,1.0,Carla,Leste,277.45
22/04/2023,Produto B,,,Ana,Sul,
14/06/2023,Produto E,412.65,10.0,Carla,Leste,4126.5
21/04/2023,Produto C,18.1,13.0,Carla,Norte,235.3
05/12/2023,Produto D,378.56,11.0,Carla,Centro,4164.16
04/03/2022,Produto A,336.35,7.0,Bruno,Leste,2354.4500000000003
01/04/2021,Produto D,123.34,6.0,Carla,Leste,740.04
17/07/2023,Produto D,155.21,5.0,Bruno,Oeste,833.5676779150879
19/06/2023,Produto D,151.56,6.0,Eliana,Leste,909.36
30/04/2023,Produto E,265.56,7.0,Ana,Oeste,1858.92
17/10/2021,Produto C,149.68,7.0,Ana,Sul,1125.4157209101377
17/05/2022,Produto D,138.53,1.0,Bruno,Norte,138.53
10/03/2022,Produto A,36.28,13.0,David,Sul,471.64
18/08/2022,Produto E,427.72,19.0,Ana,Norte,8126.68
19/10/2023,Produto D,323.64,1.0,Eliana,Centro,323.64
15/05/2022,Produto B,426.06,20.0,David,Norte,8521.2
12/07/2023,Produto B,36.29,4.0,Carla,Leste,145.16
26/03/2023,Produto E,78.11,6.0,Carla,Centro,468.65999999999997
04/08/2021,Produto E,410.08,9.0,David,Norte,3690.72
17/02/2023,Produto A,448.71,11.0,Ana,Leste,4935.8099999999995
11/02/2021,Produto C,189.64,2.0,Bruno,Sul,379.28
03/08/2022,Produto A,384.14,13.0,Carla,Sul,4993.82
27/07/2022,Produto C,309.46,19.0,Eliana,Oeste,5879.74
17/01/2022,Produto B,,,Ana,Leste,
10/02/2022,Produto B,77.38,10.0,Carla,Norte,773.8
22/09/2023,Produto D,243.6,2.0,Ana,Oeste,523.3092876492891
15/12/2023,Produto E,270.28,1.0,David,Norte,270.28
14/10/2023,Produto B,,,Ana,Oeste,
20/01/2023,Produto D,406.01,6.0,Ana,Leste,2436.06
04/01/2023,Produto E,381.57,2.0,Eliana,Leste,763.14
07/07/2022,Produto B,250.6,4.0,Ana,Sul,1002.4
24/02/2023,Produto B,386.51,6.0,Bruno,Norte,2319.06
27/04/2023,Produto C,253.38,17.0,David,Centro,4307.46
11/12/2022,Produto D,81.09,6.0,Ana,Norte,486.54
08/04/2021,Produto B,131.93,6.0,David,Sul,850.2486985168807
15/03/2022,Produto B,256.82,19.0,Ana,Oeste,4879.58
08/04/2023,Produto B,300.37,8.0,Eliana,Norte,2581.057647474827
06/11/2021,Produto D,121.4,8.0,Carla,Oeste,971.2
14/12/2022,Produto A,152.05,13.0,Eliana,Norte,1976.65
07/09/2021,Produto C,411.93,12.0,Bruno,Oeste,4943.16
27/05/2021,Produto E,140.74,15.0,Eliana,Oeste,2111.1000000000004
16/01/2023,Produto B,74.58,12.0,David,Norte,894.96
24/02/2023,Produto D,434.12,20.0,Bruno,Leste,8682.4
24/02/2023,Produto B,414.68,7.0,Carla,Sul,2902.76
27/06/2023,Produto A,89.55,8.0,Eliana,Oeste,716.4
21/07/2022,Produto E,415.32,19.0,Eliana,Norte,7891.08
30/08/2021,Produto D,30.64,14.0,Carla,Centro,428.96000000000004
24/04/2021,Produto E,406.55,16.0,Eliana,Sul,6504.8
02/09/2022,Produto D,273.7,3.0,Ana,Sul,821.0999999999999
20/11/2023,Produto D,445.89,16.0,Ana,Oeste,7134.24
28/06/2022,Produto D,197.44,19.0,David,Sul,3751.36
05/11/2021,Produto A,459.09,10.0,Ana,Centro,4590.9
03/04/2022,Produto C,42.89,14.0,Ana,Leste,600.46
29/08/2023,Produto D,392.84,19.0,Eliana,Norte,7463.959999999999
15/02/2021,Produto B,,,Ana,Oeste,
12/08/2021,Produto C,284.32,16.0,Ana,Oeste,4549.12
20/12/2022,Produto C,354.04,3.0,Bruno,Norte,1062.1200000000001
30/07/2023,Produto C,296.61,6.0,Eliana,Norte,1779.66
30/12/2022,Produto E,453.05,13.0,Carla,Sul,5889.650000000001
05/11/2021,Produto C,358.47,3.0,Eliana,Sul,1075.41
12/08/2022,Produto B,408.86,3.0,Bruno,Norte,1226.58
02/12/2021,Produto A,472.78,5.0,Ana,Centro,2363.8999999999996
29/08/2021,Produto E,370.05,4.0,Carla,Leste,1480.2
21/04/2021,Produto A,176.71,3.0,Carla,Leste,530.13
07/03/2023,Produto C,90.04,6.0,Eliana,Leste,540.24
14/03/2022,Produto A,491.13,17.0,David,Oeste,8349.21
26/07/2023,Produto B,321.86,18.0,Ana,Centro,5793.4800000000005
01/05/2023,Produto A,275.99,19.0,Bruno,Norte,5243.81
29/06/2021,Produto A,203.15,10.0,Carla,Oeste,2031.5
16/08/2023,Produto B,443.54,13.0,Ana,Centro,5766.02
07/07/2021,Produto D,367.91,12.0,Bruno,Norte,4414.92
05/03/2023,Produto A,378.64,1.0,Bruno,Norte,378.64
18/10/2022,Produto E,235.68,6.0,Carla,Oeste,1414.08
09/03/2022,Produto D,363.59,9.0,Bruno,Sul,3272.31
17/03/2022,Produto B,179.36,4.0,Ana,Oeste,717.44
24/05/2021,Produto D,40.64,10.0,Eliana,Oeste,406.4
08/01/2022,Produto C,331.52,17.0,Carla,Sul,5635.84
14/06/2022,Produto D,261.03,12.0,Ana,Leste,3364.517816627929
22/04/2023,Produto A,286.76,17.0,Carla,Centro,4874.92
14/12/2023,Produto C,292.41,12.0,Bruno,Centro,3508.92
19/07/2021,Produto C,31.63,16.0,Carla,Oeste,506.08
25/01/2021,Produto B,,,Ana,Norte,
20/11/2021,Produto B,390.58,1.0,Bruno,Sul,390.58
04/11/2022,Produto B,202.74,7.0,Ana,Oeste,1419.18
14/02/2021,Produto E,160.36,15.0,Eliana,Leste,2405.4
13/07/2022,Produto E,236.23,5.0,Bruno,Centro,1181.1499999999999
18/12/2021,Produto E,213.96,9.0,David,Leste,1925.64
02/12/2022,Produto A,420.44,7.0,David,Leste,2943.08
16/03/2021,Produto D,28.37,3.0,Ana,Oeste,85.11
17/04/2021,Produto D,306.89,14.0,David,Norte,4296.46
06/07/2021,Produto D,463.85,2.0,Eliana,Leste,927.7
03/08/2023,Produto D,398.4,19.0,Eliana,Leste,7569.599999999999
23/02/2021,Produto A,186.7,16.0,Bruno,Norte,2987.2
08/09/2021,Produto E,220.76,18.0,Carla,Centro,3973.68
18/05/2023,Produto C,123.17,12.0,Ana,Leste,1478.04
29/06/2022,Produto A,66.24,18.0,David,Leste,1192.32
29/01/2021,Produto E,479.97,9.0,Bruno,Leste,4319.7300000000005
19/06/2021,Produto B,308.94,20.0,Ana,Centro,6178.8
02/07/2021,Produto D,167.77,10.0,Carla,Oeste,1677.7
01/11/2022,Produto D,497.5,2.0,Eliana,Oeste,1068.745363733667
16/03/2022,Produto D,389.32,5.0,Bruno,Oeste,1946.6
29/11/2023,Produto A,387.95,9.0,Bruno,Oeste,3491.5499999999997
20/12/2021,Produto E,368.93,10.0,Ana,Leste,3689.3
19/10/2022,Produto D,449.4,16.0,Eliana,Norte,7190.4
02/08/2023,Produto B,194.84,14.0,Eliana,Centro,2727.76
23/03/2023,Produto E,26.46,14.0,Eliana,Leste,370.44
04/06/2023,Produto A,,,Bruno,Centro,
04/02/2021,Produto E,,,Ana,Leste,
20/03/2021,Produto C,297.6,7.0,Bruno,Leste,2083.2000000000003
17/10/2021,Produto E,358.93,16.0,Ana,Oeste,5742.88
26/07/2022,Produto E,363.53,12.0,David,Leste,4362.36
20/01/2022,Produto C,329.55,4.0,Carla,Sul,1318.2
04/02/2022,Produto B,72.99,5.0,Carla,Oeste,364.95
20/12/2021,Produto B,268.0,14.0,Bruno,Sul,3752.0
30/10/2023,Produto C,,,David,Sul,
19/11/2023,Produto A,81.76,14.0,David,Leste,1144.64
18/02/2022,Produto D,388.98,12.0,Eliana,Centro,4667.76
16/03/2022,Produto B,195.34,14.0,David,Leste,2734.76
04/09/2022,Produto C,54.03,18.0,Bruno,Centro,1044.6207196437595
20/04/2023,Produto E,238.57,8.0,Ana,Leste,1908.56
04/05/2023,Produto A,,,Ana,Centro,
21/05/2022,Produto D,,,Ana,Oeste,
10/11/2022,Produto C,112.86,11.0,Bruno,Centro,1241.46
24/03/2021,Produto E,416.62,6.0,Ana,Oeste,2499.7200000000003
10/12/2021,Produto A,476.57,16.0,Ana,Sul,7625.12
23/04/2021,Produto C,413.38,6.0,Ana,Norte,2480.2799999999997
14/02/2022,Produto C,331.04,2.0,Carla,Leste,662.08
11/12/2023,Produto A,166.4,4.0,Eliana,Sul,665.6
03/09/2023,Produto A,447.1,2.0,David,Oeste,894.2
30/01/2022,Produto C,487.63,9.0,Carla,Oeste,4388.67
11/05/2021,Produto D,225.7,11.0,Carla,Oeste,2482.7
23/11/2021,Produto B,489.97,14.0,Ana,Oeste,6859.58
02/12/2022,Produto E,477.89,13.0,Carla,Centro,6212.57
02/07/2022,Produto C,411.5,9.0,Bruno,Sul,3703.5
09/03/2023,Produto B,428.42,6.0,David,Leste,2570.52
05/08/2021,Produto D,53.79,4.0,Ana,Norte,231.10678639290032
28/12/2023,Produto A,458.46,9.0,Ana,Norte,4126.139999999999
25/11/2021,Produto A,240.0,3.0,Carla,Centro,720.0
12/09/2023,Produto A,,,Ana,Centro,
19/03/2021,Produto A,394.95,11.0,Eliana,Oeste,4666.443010525357
17/05/2022,Produto E,220.65,18.0,Eliana,Sul,3971.7000000000003
23/11/2022,Produto C,196.14,11.0,Ana,Leste,2157.54
27/01/2023,Produto A,378.09,17.0,Eliana,Norte,6427.53
22/10/2022,Produto B,474.32,14.0,Eliana,Leste,6640.48
02/09/2023,Produto B,249.03,11.0,Ana,Oeste,2739.33
02/05/2021,Produto A,454.65,19.0,Bruno,Oeste,8638.35
29/03/2023,Produto B,258.73,19.0,Carla,Sul,4915.870000000001
04/03/2021,Produto E,61.44,6.0,Bruno,Norte,368.64
29/06/2022,Produto D,396.82,10.0,Eliana,Centro,3968.2
27/10/2023,Produto C,92.04,13.0,David,Sul,1196.52
25/11/2021,Produto B,290.94,12.0,Eliana,Leste,3750.0395110513336
26/08/2023,Produto C,360.7,15.0,Ana,Norte,5410.5
17/05/2023,Produto E,,,Eliana,Centro,
23/09/2022,Produto E,221.78,16.0,David,Sul,3548.48
21/10/2023,Produto B,397.92,6.0,Ana,Oeste,2387.52
15/02/2023,Produto B,381.73,19.0,David,Centro,7252.870000000001
16/10/2021,Produto B,427.74,5.0,Carla,Oeste,2138.7
21/05/2023,Produto D,279.98,2.0,Bruno,Centro,559.96
06/06/2021,Produto C,31.18,9.0,Carla,Oeste,280.62
03/05/2021,Produto D,29.39,8.0,Bruno,Norte,235.12
13/05/2023,Produto C,14.89,12.0,Eliana,Centro,178.68
13/08/2021,Produto D,273.01,4.0,Eliana,Norte,1172.9775748861446
06/08/2023,Produto A,181.55,7.0,Ana,Leste,1365.0402467346041
07/06/2021,Produto E,133.92,11.0,Carla,Sul,1473.12
13/08/2023,Produto C,336.8,10.0,David,Norte,3368.0
23/02/2022,Produto E,79.06,13.0,Ana,Sul,1103.9548843599882
22/07/2021,Produto A,289.59,7.0,Eliana,Sul,2027.1299999999999
14/05/2022,Produto A,213.63,10.0,Bruno,Norte,2136.3
23/11/2021,Produto D,383.18,13.0,Bruno,Norte,4981.34
11/10/2021,Produto E,457.59,5.0,Ana,Centro,2287.95
09/09/2023,Produto D,42.02,14.0,David,Oeste,631.8809272133084
01/07/2021,Produto B,46.79,14.0,Ana,Sul,655.06
18/04/2023,Produto D,125.81,12.0,Ana,Centro,1509.72
24/04/2022,Produto A,161.06,3.0,Bruno,Norte,483.18
11/03/2021,Produto C,25.63,12.0,Ana,Oeste,307.56
15/09/2022,Produto D,373.39,1.0,Bruno,Leste,373.39
06/07/2023,Produto B,259.01,7.0,Ana,Leste,1813.07
22/10/2022,Produto B,194.61,12.0,Carla,Oeste,2335.32
04/12/2023,Produto E,80.56,17.0,Bruno,Norte,1369.52
11/03/2022,Produto A,389.67,13.0,David,Sul,5065.71
27/06/2021,Produto A,166.19,20.0,Eliana,Leste,3323.8
18/03/2022,Produto A,365.6,12.0,Bruno,Leste,4387.200000000001
28/05/2021,Produto A,296.76,7.0,Carla,Centro,2077.3199999999997
27/05/2021,Produto A,216.42,12.0,Eliana,Norte,2597.04
06/04/2021,Produto D,491.65,9.0,Ana,Norte,4752.80193237881
25/01/2023,Produto D,15.86,5.0,David,Sul,79.3
05/09/2023,Produto C,386.78,12.0,Carla,Norte,4641.36
25/09/2022,Produto D,126.54,8.0,Bruno,Centro,1012.32
11/02/2022,Produto B,238.97,8.0,Eliana,Centro,1911.76
22/08/2021,Produto C,345.9,7.0,Ana,Leste,2421.2999999999997
16/12/2023,Produto E,404.0,3.0,Eliana,Norte,1212.0
19/07/2021,Produto C,389.52,6.0,Bruno,Centro,2337.12
26/07/2022,Produto E,40.81,11.0,Ana,Oeste,448.91
04/12/2021,Produto A,379.18,1.0,Carla,Norte,379.18
23/12/2021,Produto D,325.84,10.0,Carla,Sul,3258.3999999999996
10/12/2022,Produto D,423.29,13.0,Carla,Leste,5502.77
18/09/2023,Produto A,409.69,10.0,Bruno,Leste,4096.9
15/11/2022,Produto A,99.71,6.0,Ana,Norte,598.26
17/01/2022,Produto E,55.62,12.0,Carla,Norte,667.4399999999999
06/04/2021,Produto C,443.1,14.0,Ana,Centro,6203.400000000001
13/04/2023,Produto B,201.72,17.0,Carla,Oeste,3429.24
01/10/2022,Produto D,203.01,14.0,Ana,Centro,2842.14
09/11/2022,Produto A,65.52,17.0,Ana,Centro,1113.84
21/08/2021,Produto D,44.15,19.0,David,Sul,838.85
19/05/2021,Produto A,427.54,3.0,Eliana,Norte,1282.6200000000001
06/02/2022,Produto E,,,Carla,Norte,
18/09/2021,Produto E,132.83,11.0,Carla,Sul,1461.13
12/10/2021,Produto E,402.46,1.0,Carla,Oeste,402.46
02/04/2021,Produto A,110.8,11.0,David,Sul,1218.8
25/03/2022,Produto C,188.66,20.0,Eliana,Norte,3773.2
08/10/2022,Produto E,128.46,13.0,Carla,Norte,1669.98
20/09/2021,Produto E,228.94,17.0,Ana,Norte,3891.98
31/12/2021,Produto A,224.13,11.0,Eliana,Leste,2648.1576704622057
28/12/2022,Produto C,313.43,2.0,David,Norte,626.86
15/11/2022,Produto B,411.66,11.0,David,Leste,4528.26
12/07/2022,Produto E,126.43,1.0,Eliana,Centro,126.43
13/08/2023,Produto B,330.16,14.0,Bruno,Norte,4622.240000000001
07/05/2022,Produto A,167.16,6.0,Ana,Norte,1077.2953266435366
24/10/2023,Produto E,55.69,5.0,Ana,Leste,278.45
23/03/2021,Produto C,24.3,20.0,Eliana,Centro,486.0
06/05/2023,Produto A,,,Bruno,Oeste,
23/05/2021,Produto B,399.39,3.0,Carla,Oeste,1198.17
08/05/2022,Produto D,440.28,4.0,Eliana,Norte,1761.12
30/06/2023,Produto D,262.54,20.0,Ana,Sul,5639.9679958721
05/10/2021,Produto D,298.29,19.0,Carla,Oeste,5667.51
17/07/2023,Produto A,,,Ana,Centro,
24/12/2022,Produto C,268.84,7.0,David,Leste,1881.8799999999999
21/06/2023,Produto B,387.63,14.0,Ana,Leste,5426.82
20/10/2022,Produto A,241.59,8.0,Carla,Norte,1932.72
07/06/2021,Produto E,83.57,11.0,Bruno,Norte,919.27
11/12/2023,Produto A,384.5,13.0,Carla,Sul,4998.5
04/10/2023,Produto D,94.31,3.0,Ana,Leste,303.8996238805693
13/08/2022,Produto D,28.15,6.0,Carla,Oeste,168.89999999999998
15/06/2021,Produto A,21.69,4.0,Ana,Centro,86.76
07/10/2023,Produto C,281.82,8.0,Bruno,Norte,2254.56
25/07/2023,Produto A,23.5,15.0,Ana,Sul,352.5
30/06/2021,Produto D,313.15,20.0,Carla,Norte,6263.0
20/03/2022,Produto E,340.93,5.0,Carla,Centro,1704.65
22/05/2023,Produto E,222.28,3.0,Eliana,Centro,666.84
06/02/2023,Produto E,197.7,6.0,Eliana,Leste,1186.1999999999998
24/09/2022,Produto C,207.27,14.0,Eliana,Sul,2901.78
28/01/2021,Produto A,378.19,10.0,Ana,Norte,3781.9
01/05/2021,Produto C,445.75,19.0,David,Centro,8469.25
16/04/2022,Produto E,350.74,17.0,Ana,Norte,6404.502242101597
09/01/2022,Produto E,24.82,2.0,Carla,Leste,53.31911543290376
24/06/2022,Produto B,207.38,1.0,Ana,Centro,207.38
23/01/2021,Produto E,480.55,2.0,Ana,Norte,961.1
10/11/2023,Produto E,139.1,17.0,Eliana,Centro,2364.7
22/09/2023,Produto A,419.12,17.0,Bruno,Norte,7125.04
24/02/2023,Produto B,408.99,20.0,Ana,Leste,8786.05359423985
12/08/2023,Produto C,346.14,19.0,David,Oeste,6576.66
18/02/2021,Produto E,282.2,18.0,Carla,Sul,5079.599999999999
30/11/2021,Produto B,78.72,13.0,David,Sul,1023.36
06/09/2022,Produto C,383.23,4.0,Eliana,Sul,1532.92
22/09/2022,Produto E,30.96,17.0,David,Leste,526.32
06/03/2022,Produto D,264.32,11.0,David,Centro,2907.52
03/08/2023,Produto B,184.39,17.0,Carla,Norte,3134.6299999999997
26/04/2022,Produto D,371.75,2.0,David,Oeste,743.5
13/01/2023,Produto A,464.51,18.0,Eliana,Centro,8980.876744062978
20/03/2021,Produto D,320.46,6.0,Ana,Oeste,1922.7599999999998
13/02/2021,Produto D,,,Bruno,Oeste,
08/05/2023,Produto D,477.58,14.0,Ana,Oeste,6686.12
06/01/2021,Produto C,279.38,13.0,Ana,Norte,3901.124659657141
16/01/2023,Produto A,312.08,6.0,Ana,Norte,1872.48
22/04/2021,Produto B,331.96,6.0,Bruno,Norte,1991.7599999999998
06/02/2023,Produto E,261.23,16.0,Bruno,Leste,4179.68
10/03/2023,Produto A,482.01,1.0,Carla,Oeste,482.01
10/12/2021,Produto E,415.73,20.0,Carla,Centro,8314.6
23/09/2023,Produto A,263.41,7.0,Ana,Oeste,1843.8700000000001
12/05/2022,Produto A,37.99,2.0,Carla,Sul,81.61132938340104
16/01/2021,Produto D,344.92,6.0,Ana,Norte,2069.52
21/06/2022,Produto C,297.01,8.0,Bruno,Oeste,2552.185410914866
15/10/2023,Produto D,127.43,13.0,Ana,Centro,1656.5900000000001
14/07/2023,Produto B,365.39,16.0,David,Norte,5846.24
13/10/2022,Produto A,66.13,8.0,Eliana,Sul,529.04
11/08/2021,Produto A,351.86,13.0,Carla,Leste,4574.18
08/12/2022,Produto B,205.14,11.0,Bruno,Oeste,2256.54
01/12/2022,Produto A,45.63,11.0,Ana,Leste,501.93
13/08/2021,Produto C,192.25,7.0,Eliana,Centro,1345.75
23/11/2022,Produto B,,,Bruno,Norte,
08/06/2021,Produto B,,,David,Sul,
27/10/2022,Produto B,,,Ana,Norte,
27/06/2022,Produto A,27.05,1.0,Carla,Sul,27.05
22/10/2023,Produto B,212.11,10.0,Eliana,Norte,2121.1000000000004
17/07/2021,Produto C,46.78,17.0,Bruno,Norte,854.20144518878
05/01/2021,Produto D,154.91,11.0,Eliana,Centro,1704.01
28/02/2022,Produto A,387.74,8.0,Bruno,Centro,3101.92
06/05/2023,Produto D,275.36,14.0,Eliana,Sul,3855.04
07/08/2023,Produto C,336.85,12.0,Carla,Centro,4042.2000000000003
05/02/2021,Produto D,96.49,12.0,Ana,Sul,1157.8799999999999
01/03/2022,Produto C,215.15,6.0,Bruno,Oeste,1386.576271400795
18/01/2021,Produto B,,,Eliana,Sul,
18/06/2022,Produto B,138.33,20.0,Ana,Sul,2766.6000000000004
01/11/2021,Produto E,456.65,1.0,David,Leste,456.65
31/07/2021,Produto A,199.19,9.0,Bruno,Leste,1792.71
24/05/2022,Produto A,474.32,17.0,Ana,Leste,8063.44
28/07/2021,Produto C,178.52,1.0,Bruno,Centro,178.52
29/09/2022,Produto D,252.5,5.0,Carla,Centro,1262.5
03/01/2021,Produto B,51.23,20.0,Carla,Sul,1024.6
08/02/2022,Produto B,181.35,4.0,Bruno,Sul,725.4
18/03/2023,Produto E,256.11,3.0,David,Centro,768.33
12/06/2021,Produto B,320.71,2.0,Eliana,Oeste,641.42
31/01/2023,Produto D,426.16,15.0,Bruno,Leste,6392.400000000001
15/05/2022,Produto E,179.14,9.0,Ana,Sul,1612.2599999999998
28/06/2021,Produto C,207.32,1.0,Eliana,Centro,207.32
25/05/2021,Produto E,411.63,2.0,David,Sul,823.26
26/07/2022,Produto E,20.32,16.0,David,Oeste,325.12
28/07/2022,Produto A,425.06,13.0,Bruno,Centro,5525.78
25/01/2021,Produto D,261.31,17.0,Ana,Sul,4442.27
28/03/2023,Produto C,462.98,6.0,Bruno,Centro,2777.88
23/11/2021,Produto D,475.57,8.0,Eliana,Sul,3804.56
24/07/2023,Produto A,184.54,12.0,Eliana,Norte,2214.48
06/02/2021,Produto D,143.55,3.0,Carla,Sul,430.65000000000003
15/08/2023,Produto A,176.29,2.0,David,Centro,352.58
29/01/2023,Produto A,122.09,17.0,Eliana,Oeste,2075.53
11/05/2023,Produto A,260.8,9.0,Carla,Sul,2347.2000000000003
30/06/2022,Produto A,21.93,14.0,Carla,Leste,307.02
13/04/2021,Produto C,131.05,9.0,Bruno,Leste,1179.45
26/10/2022,Produto C,363.93,15.0,Carla,Centro,5458.95
24/09/2022,Produto D,61.69,11.0,Carla,Oeste,678.5899999999999
15/01/2021,Produto A,194.76,20.0,Carla,Sul,3895.2
01/11/2021,Produto A,265.02,7.0,Bruno,Leste,1992.635451333543
12/02/2022,Produto B,286.8,11.0,Eliana,Norte,3154.8
24/04/2023,Produto E,291.71,6.0,Ana,Centro,1750.2599999999998
18/01/2021,Produto B,351.06,14.0,David,Leste,4914.84
06/09/2022,Produto E,88.75,2.0,Bruno,Leste,177.5
24/01/2022,Produto A,31.37,3.0,David,Norte,94.11
20/04/2023,Produto C,420.77,19.0,Eliana,Leste,7994.629999999999
10/10/2023,Produto B,435.28,5.0,Ana,Oeste,2176.3999999999996
16/05/2023,Produto A,213.67,14.0,Eliana,Centro,2991.3799999999997
25/11/2023,Produto B,125.92,17.0,Carla,Norte,2140.64
13/10/2022,Produto A,273.23,15.0,Bruno,Norte,4098.450000000001
19/05/2021,Produto D,200.73,3.0,Eliana,Oeste,646.8218799867105
12/03/2023,Produto E,449.72,15.0,Ana,Leste,6745.8
25/04/2023,Produto C,112.24,19.0,Carla,Centro,2132.56
01/10/2023,Produto B,53.49,9.0,Eliana,Norte,481.41
27/04/2022,Produto E,316.48,16.0,Bruno,Leste,5063.68
15/10/2021,Produto E,260.19,18.0,Bruno,Centro,4683.42
02/09/2022,Produto E,229.06,3.0,Bruno,Oeste,687.1800000000001
06/07/2021,Produto A,452.15,20.0,David,Sul,9043.0
16/08/2022,Produto B,400.91,6.0,Eliana,Oeste,2405.46
01/10/2021,Produto B,383.77,17.0,Eliana,Norte,6524.09
28/03/2022,Produto E,159.89,6.0,Bruno,Centro,959.3399999999999
27/05/2023,Produto B,380.93,8.0,Eliana,Oeste,3047.44
24/05/2021,Produto C,375.4,3.0,Carla,Leste,1126.1999999999998
16/12/2021,Produto E,135.71,11.0,Eliana,Centro,1603.4510215429707
21/10/2021,Produto E,126.23,5.0,David,Norte,631.15
22/10/2023,Produto E,259.44,18.0,Ana,Sul,4669.92
08/12/2021,Produto D,198.93,19.0,Eliana,Centro,4059.8038079831454
17/07/2021,Produto D,498.87,11.0,Bruno,Norte,5487.57
30/11/2022,Produto E,389.78,19.0,Bruno,Centro,7954.709336327705
06/04/2021,Produto A,96.22,1.0,Carla,Centro,96.22
28/02/2023,Produto D,175.79,7.0,Bruno,Leste,1230.53
27/12/2023,Produto C,222.59,19.0,Eliana,Centro,4229.21
29/11/2023,Produto E,478.97,4.0,David,Leste,1915.88
16/02/2023,Produto E,496.78,15.0,Eliana,Sul,8003.989775813234
07/09/2023,Produto B,239.93,8.0,Carla,Oeste,1919.44
13/03/2022,Produto A,137.41,7.0,Bruno,Centro,961.87
16/08/2022,Produto D,248.94,12.0,Ana,Oeste,2987.2799999999997
06/03/2022,Produto D,432.54,18.0,Ana,Sul,7785.72
03/08/2023,Produto C,264.93,14.0,Carla,Oeste,3709.02
01/11/2022,Produto C,409.18,3.0,Eliana,Sul,1227.54
28/09/2023,Produto C,384.93,17.0,Carla,Norte,6543.81
05/05/2022,Produto D,,,Bruno,Centro,
15/09/2023,Produto B,42.71,11.0,Bruno,Centro,469.81
18/05/2022,Produto B,193.61,17.0,Eliana,Oeste,3535.312992796061
27/02/2023,Produto A,28.46,7.0,David,Centro,199.22
27/07/2021,Produto E,41.79,5.0,David,Oeste,208.95
20/10/2023,Produto C,,,David,Norte,
10/09/2023,Produto B,339.79,16.0,Eliana,Centro,5436.64
08/09/2022,Produto A,28.09,9.0,Ana,Norte,252.81
23/02/2023,Produto D,304.3,6.0,David,Leste,1825.8000000000002
07/04/2021,Produto C,154.07,1.0,Bruno,Centro,154.07
14/08/2023,Produto D,,,Ana,Leste,
05/05/2022,Produto B,82.44,3.0,Carla,Centro,247.32
19/09/2023,Produto C,379.73,18.0,Ana,Norte,6835.14
12/06/2021,Produto A,324.07,17.0,David,Oeste,5509.19
08/01/2021,Produto D,12.81,2.0,Bruno,Leste,25.62
31/08/2021,Produto B,154.91,12.0,Bruno,Centro,1858.92
09/05/2022,Produto B,72.23,5.0,Ana,Centro,361.15000000000003
03/11/2022,Produto D,316.57,9.0,Ana,Centro,2849.13
12/09/2021,Produto D,259.74,18.0,Bruno,Centro,5021.8357527349635
30/05/2023,Produto A,207.08,14.0,Bruno,Oeste,2899.1200000000003
15/08/2022,Produto A,37.26,2.0,Bruno,Oeste,74.52
27/05/2022,Produto B,,,Bruno,Centro,
30/04/2023,Produto C,,,David,Sul,
23/06/2023,Produto A,265.82,3.0,Eliana,Sul,797.46
03/01/2023,Produto B,212.59,16.0,Carla,Norte,3401.44
16/06/2023,Produto C,141.4,10.0,Bruno,Centro,1414.0
24/06/2021,Produto D,424.31,20.0,Carla,Centro,9115.162719313214
23/10/2021,Produto E,460.62,18.0,David,Leste,8291.16
23/04/2023,Produto D,389.69,20.0,Carla,Centro,7793.8
11/06/2022,Produto C,369.11,14.0,Carla,Centro,5167.54
26/02/2023,Produto A,381.75,1.0,Bruno,Oeste,381.75
21/01/2022,Produto B,316.72,13.0,Bruno,Sul,4117.360000000001
24/10/2022,Produto A,242.74,4.0,Eliana,Leste,970.96
05/10/2022,Produto B,178.8,19.0,Eliana,Sul,3397.2000000000003
04/12/2022,Produto D,347.27,8.0,David,Centro,2778.16
23/05/2021,Produto C,431.76,16.0,Carla,Leste,6908.16
11/06/2023,Produto D,305.77,12.0,Eliana,Sul,3669.24
04/12/2021,Produto A,152.07,3.0,Ana,Centro,456.21
23/09/2022,Produto D,308.61,13.0,Eliana,Oeste,4011.9300000000003
26/04/2021,Produto A,280.13,19.0,Eliana,Norte,5322.47
04/02/2023,Produto A,367.35,10.0,Bruno,Oeste,3673.5
27/07/2021,Produto B,241.51,19.0,David,Oeste,4588.69
07/02/2022,Produto D,203.08,2.0,Ana,Sul,406.16
21/03/2021,Produto C,30.77,17.0,Eliana,Norte,523.09
12/09/2022,Produto E,151.61,18.0,Eliana,Oeste,2728.9800000000005
11/12/2021,Produto B,98.47,17.0,Eliana,Sul,1673.99
27/07/2023,Produto A,108.8,1.0,Bruno,Sul,116.86381464746029
23/11/2023,Produto D,243.08,4.0,David,Norte,972.32
01/11/2022,Produto B,448.45,18.0,Carla,Sul,8072.099999999999
14/01/2021,Produto A,239.5,6.0,Bruno,Norte,1437.0
09/07/2023,Produto E,444.2,9.0,David,Sul,3997.7999999999997
05/04/2022,Produto C,417.42,3.0,Carla,Norte,1252.26
29/12/2023,Produto A,280.43,4.0,Eliana,Leste,1121.72
14/12/2023,Produto A,,,David,Sul,
23/12/2022,Produto D,464.17,11.0,Carla,Sul,5105.87
27/05/2021,Produto C,404.72,16.0,Ana,Oeste,6475.52
13/02/2022,Produto C,84.96,18.0,Eliana,Centro,1529.28
02/04/2023,Produto C,317.1,16.0,David,Centro,5073.6
03/05/2023,Produto B,296.87,20.0,Ana,Norte,5937.4
03/03/2023,Produto B,154.01,4.0,Bruno,Norte,616.04
06/08/2023,Produto C,348.21,8.0,Eliana,Norte,2785.68
11/06/2022,Produto A,290.88,13.0,Bruno,Sul,3781.44
22/06/2021,Produto C,367.14,15.0,Bruno,Sul,5507.099999999999
10/03/2021,Produto A,141.8,10.0,Carla,Centro,1418.0
08/09/2022,Produto C,305.42,10.0,Carla,Norte,3054.2000000000003
30/04/2023,Produto E,113.54,4.0,Eliana,Sul,454.16
04/10/2021,Produto B,165.1,9.0,Carla,Oeste,1485.8999999999999
07/12/2023,Produto D,461.7,13.0,David,Leste,6002.099999999999
24/12/2022,Produto A,261.29,20.0,Carla,Oeste,5225.8
20/05/2023,Produto E,131.49,17.0,Carla,Leste,2235.33
10/11/2022,Produto A,218.55,15.0,Eliana,Oeste,3278.25
22/04/2022,Produto A,289.32,1.0,Eliana,Centro,289.32
27/03/2022,Produto E,253.67,2.0,David,Norte,507.34
15/06/2021,Produto C,284.89,19.0,David,Leste,5412.91
21/06/2021,Produto A,241.32,12.0,Bruno,Centro,2895.84
09/03/2023,Produto B,388.78,10.0,Carla,Norte,3887.7999999999997
16/08/2022,Produto E,369.31,3.0,Eliana,Sul,1107.93
28/08/2023,Produto D,105.85,20.0,David,Centro,2273.9034522856014
12/06/2022,Produto D,49.7,8.0,Bruno,Norte,397.6
08/08/2023,Produto A,389.22,12.0,Ana,Norte,4670.64
19/01/2022,Produto D,117.76,12.0,David,Norte,1413.1200000000001
25/07/2023,Produto C,56.64,9.0,Ana,Norte,509.76
26/10/2023,Produto C,129.8,19.0,Carla,Norte,2466.2000000000003
26/05/2022,Produto D,124.14,17.0,Bruno,Sul,2110.38
07/08/2021,Produto B,451.85,16.0,Carla,Sul,7229.6
14/10/2022,Produto B,62.4,9.0,Bruno,Centro,561.6
02/11/2023,Produto A,273.58,8.0,David,Norte,2188.64
14/08/2021,Produto A,17.89,8.0,Carla,Leste,143.12
12/01/2023,Produto A,,,Carla,Centro,
12/11/2022,Produto C,492.18,10.0,Carla,Sul,4921.8
18/03/2023,Produto A,327.14,12.0,Carla,Oeste,3925.68
05/11/2022,Produto D,457.51,4.0,Eliana,Norte,1830.04
28/03/2023,Produto D,374.7,6.0,Bruno,Sul,2248.2
15/07/2021,Produto C,457.67,3.0,Bruno,Norte,1373.01
03/10/2023,Produto D,54.29,5.0,Carla,Centro,271.45
17/07/2022,Produto D,400.63,20.0,Carla,Sul,8012.6
27/09/2023,Produto C,215.38,10.0,Carla,Norte,2153.8
23/10/2023,Produto C,43.59,13.0,Ana,Sul,566.6700000000001
26/03/2021,Produto D,341.38,12.0,Carla,Sul,4096.5599999999995
16/04/2021,Produto D,323.06,16.0,David,Norte,5168.96
25/01/2021,Produto E,378.22,1.0,David,Sul,378.22
30/06/2021,Produto B,400.77,19.0,David,Oeste,8178.995486479692
05/12/2022,Produto B,310.7,19.0,Eliana,Centro,5903.3
05/08/2021,Produto E,358.8,13.0,Carla,Oeste,4664.400000000001
31/01/2022,Produto E,375.95,20.0,Bruno,Norte,7519.0
24/12/2023,Produto D,117.07,19.0,Ana,Norte,2224.33
14/08/2022,Produto C,307.06,4.0,Eliana,Oeste,1228.24
16/11/2022,Produto C,,,Ana,Centro,
23/04/2022,Produto C,272.54,12.0,Bruno,Norte,3270.4800000000005
12/01/2021,Produto A,455.68,13.0,Eliana,Norte,5923.84
08/12/2023,Produto C,392.82,15.0,Eliana,Oeste,5892.3
15/08/2021,Produto A,130.25,5.0,Bruno,Norte,651.25
01/11/2023,Produto A,447.34,1.0,Bruno,Norte,447.34
25/04/2021,Produto A,114.07,11.0,David,Oeste,1254.77
24/10/2022,Produto E,233.85,12.0,Ana,Norte,3014.1841605119766
08/03/2021,Produto E,187.15,8.0,David,Centro,1497.2
14/05/2021,Produto A,252.99,8.0,Carla,Sul,2023.92
06/09/2021,Produto E,420.06,20.0,Eliana,Oeste,8401.2
26/03/2023,Produto A,208.76,6.0,David,Norte,1345.3946661288865
21/01/2021,Produto A,451.05,13.0,David,Sul,5863.650000000001
04/06/2021,Produto D,26.06,10.0,Bruno,Leste,260.59999999999997
10/09/2021,Produto C,408.15,4.0,David,Leste,1632.6
30/09/2022,Produto A,439.71,13.0,David,Leste,5716.23
01/09/2022,Produto A,135.09,14.0,Ana,Centro,1891.26
12/04/2023,Produto E,301.57,5.0,David,Oeste,1507.85
10/03/2022,Produto B,308.83,16.0,Bruno,Norte,4941.28
10/05/2021,Produto C,40.23,1.0,David,Centro,40.23
19/10/2022,Produto C,382.63,13.0,Eliana,Norte,4974.19
06/03/2021,Produto E,,,Eliana,Leste,
02/08/2023,Produto A,167.61,8.0,Carla,Centro,1340.88
09/11/2021,Produto B,,,Ana,Norte,
19/04/2023,Produto A,38.23,13.0,Eliana,Oeste,496.98999999999995
22/09/2023,Produto B,25.77,18.0,Carla,Centro,463.86
25/09/2022,Produto E,417.33,7.0,David,Leste,2921.31
08/03/2023,Produto B,450.01,9.0,Eliana,Centro,4050.09
26/09/2022,Produto D,278.11,15.0,Ana,Centro,4171.650000000001
06/06/2022,Produto C,113.01,11.0,Ana,Centro,1243.1100000000001
29/09/2022,Produto E,320.75,19.0,Ana,Norte,6094.25
18/01/2022,Produto D,255.15,8.0,David,Sul,2192.4854637720214
23/03/2022,Produto E,123.38,3.0,Eliana,Sul,370.14
29/12/2021,Produto E,273.17,5.0,Carla,Oeste,1365.8500000000001
12/03/2021,Produto C,29.06,20.0,Ana,Oeste,581.1999999999999
18/08/2021,Produto B,470.97,10.0,Eliana,Leste,4709.700000000001
19/10/2022,Produto E,186.4,14.0,Bruno,Norte,2609.6
14/12/2023,Produto C,478.54,2.0,Eliana,Leste,957.08
16/06/2022,Produto D,218.23,14.0,Ana,Leste,3055.22
09/09/2021,Produto D,383.75,17.0,David,Sul,6523.75
26/07/2022,Produto B,214.17,9.0,Ana,Sul,1927.53
18/05/2021,Produto D,52.82,11.0,Carla,Leste,581.02
26/07/2022,Produto B,484.41,9.0,Bruno,Sul,4359.6900000000005
05/07/2023,Produto B,144.09,5.0,Eliana,Norte,720.45
19/04/2021,Produto E,190.54,5.0,Ana,Norte,952.6999999999999
17/03/2021,Produto A,439.84,14.0,Eliana,Sul,6157.759999999999
27/04/2023,Produto C,194.15,20.0,Bruno,Leste,3883.0
31/08/2021,Produto A,21.91,10.0,Carla,Norte,219.1
12/06/2023,Produto B,,,Bruno,Leste,
12/12/2023,Produto C,29.15,4.0,Carla,Centro,116.6
28/05/2021,Produto C,372.92,1.0,David,Leste,372.92
25/01/2021,Produto D,199.96,6.0,Ana,Centro,1288.681344314678
23/06/2023,Produto A,211.04,5.0,Ana,Oeste,1055.2
15/04/2023,Produto B,215.03,1.0,Bruno,Oeste,230.9671513202517
21/06/2023,Produto C,368.52,1.0,Eliana,Oeste,368.52
08/04/2021,Produto E,,,Ana,Oeste,
03/10/2023,Produto D,442.68,10.0,Ana,Oeste,4426.8
12/05/2022,Produto A,60.14,16.0,Eliana,Norte,962.24
12/02/2023,Produto A,13.64,12.0,Carla,Norte,163.68
04/08/2022,Produto C,401.1,9.0,Eliana,Centro,3609.9
03/06/2021,Produto B,482.78,18.0,Eliana,Oeste,8690.039999999999
06/05/2021,Produto C,347.24,18.0,Bruno,Sul,6250.32
30/03/2022,Produto C,197.63,18.0,Eliana,Oeste,3557.34
14/06/2023,Produto C,303.48,9.0,Bruno,Sul,2731.32
07/08/2022,Produto E,300.6,17.0,Eliana,Sul,5110.200000000001
28/01/2023,Produto B,24.46,9.0,Bruno,Centro,220.14000000000001
05/02/2021,Produto C,369.86,1.0,Bruno,Oeste,369.86
06/09/2023,Produto E,258.41,16.0,Ana,Oeste,4134.56
20/07/2022,Produto D,62.64,3.0,David,Centro,187.92000000000002
01/09/2023,Produto A,410.51,7.0,Carla,Sul,2873.5699999999997
14/11/2021,Produto B,109.45,11.0,Eliana,Norte,1203.95
03/12/2022,Produto C,204.75,15.0,Eliana,Centro,3071.25
09/03/2022,Produto E,104.79,11.0,Bruno,Leste,1152.69
25/06/2021,Produto D,311.95,18.0,Ana,Centro,5615.099999999999
16/06/2023,Produto B,384.35,20.0,Bruno,Norte,7687.0
07/10/2022,Produto E,107.67,17.0,Carla,Sul,1830.39
27/06/2022,Produto A,262.0,16.0,Bruno,Sul,4192.0
09/10/2023,Produto B,427.7,2.0,Ana,Leste,855.4
29/01/2022,Produto D,246.47,12.0,David,Norte,2957.64
11/04/2021,Produto A,427.65,18.0,Bruno,Norte,7697.7
22/04/2021,Produto E,343.98,19.0,Bruno,Norte,6535.620000000001
07/01/2022,Produto D,194.83,11.0,Carla,Centro,2143.13
18/02/2023,Produto D,121.24,13.0,Ana,Oeste,1576.12
04/08/2023,Produto A,188.18,8.0,Ana,Leste,1505.44
12/08/2022,Produto C,170.25,12.0,Carla,Leste,2043.0
17/02/2023,Produto D,19.2,15.0,Bruno,Leste,309.34539171386547
18/07/2022,Produto E,68.87,3.0,Carla,Sul,221.92309507639496
13/04/2021,Produto C,346.21,13.0,Carla,Centro,4500.73
24/09/2022,Produto D,358.46,19.0,Ana,Oeste,6810.74
15/07/2023,Produto A,292.6,18.0,David,Centro,5266.8
08/07/2022,Produto D,489.31,11.0,David,Oeste,5382.41
29/11/2023,Produto D,45.67,16.0,Carla,Norte,730.72
02/07/2023,Produto D,,,Eliana,Leste,
12/02/2022,Produto D,486.85,4.0,Carla,Sul,1947.4
06/09/2023,Produto C,187.45,11.0,Bruno,Norte,2061.95
18/08/2021,Produto E,308.0,6.0,Ana,Leste,1848.0
08/01/2022,Produto D,290.44,19.0,Eliana,Centro,5518.36
19/04/2021,Produto D,109.68,19.0,Eliana,Leste,2083.92
05/03/2021,Produto E,102.98,20.0,Ana,Leste,2059.6
30/07/2021,Produto B,370.81,16.0,David,Leste,5932.96
28/01/2022,Produto B,,,Carla,Norte,
06/07/2023,Produto A,378.66,9.0,Eliana,Centro,3407.94
15/09/2023,Produto D,243.73,7.0,Ana,Centro,1706.11
03/03/2023,Produto C,47.63,12.0,Bruno,Norte,571.5600000000001
07/03/2023,Produto E,,,Bruno,Leste,
28/04/2022,Produto C,241.19,7.0,Carla,Centro,1688.33
07/03/2023,Produto D,485.33,11.0,David,Norte,5338.63
06/02/2021,Produto E,332.65,5.0,Carla,Sul,1663.25
25/11/2021,Produto B,300.17,20.0,Bruno,Norte,6448.347654913265
09/08/2023,Produto D,317.21,18.0,Bruno,Sul,5709.78
29/09/2021,Produto D,224.22,11.0,Ana,Norte,2466.42
17/01/2023,Produto B,431.98,3.0,Ana,Oeste,1295.94
14/10/2022,Produto D,102.27,16.0,David,Centro,1636.32
07/03/2021,Produto D,137.25,2.0,Carla,Leste,274.5
07/07/2021,Produto A,281.69,20.0,Carla,Norte,5633.8
23/12/2021,Produto B,433.47,7.0,Carla,Sul,3034.29
20/10/2021,Produto B,310.77,11.0,Eliana,Leste,3418.47
11/09/2023,Produto A,143.56,8.0,Ana,Norte,1233.6006787345145
09/08/2022,Produto A,254.34,4.0,Carla,Oeste,1017.36
19/05/2021,Produto C,230.89,16.0,Eliana,Norte,3694.24
23/04/2022,Produto A,304.68,9.0,Ana,Centro,2742.12
12/11/2021,Produto B,255.64,13.0,Bruno,Oeste,3323.3199999999997
22/11/2022,Produto A,163.18,9.0,Carla,Leste,1468.6200000000001
29/09/2023,Produto D,281.12,17.0,David,Oeste,4779.04
24/10/2022,Produto B,390.99,19.0,Carla,Norte,7428.81
30/04/2021,Produto C,,,Eliana,Oeste,
16/08/2021,Produto D,112.8,17.0,David,Centro,1917.6
17/09/2021,Produto A,69.55,12.0,Carla,Centro,834.5999999999999
23/09/2023,Produto D,49.3,14.0,Bruno,Leste,690.1999999999999
20/09/2021,Produto D,104.04,12.0,Bruno,Oeste,1248.48
26/03/2022,Produto B,331.75,11.0,Carla,Leste,3649.25
13/08/2021,Produto A,230.02,20.0,Ana,Sul,4941.362986251621
24/12/2021,Produto E,358.37,15.0,Carla,Leste,5375.55
01/08/2022,Produto B,189.09,6.0,Ana,Leste,1134.54
14/03/2023,Produto C,154.54,12.0,David,Leste,1854.48
03/06/2022,Produto E,411.49,1.0,Ana,Sul,411.49
21/03/2021,Produto C,481.29,19.0,Carla,Oeste,9144.51
03/08/2023,Produto E,493.51,2.0,Carla,Norte,987.02
24/03/2021,Produto E,251.65,19.0,Bruno,Sul,4781.35
19/10/2021,Produto B,453.19,14.0,Ana,Norte,6344.66
01/01/2021,Produto E,349.28,3.0,Ana,Centro,1047.84
02/04/2021,Produto A,419.61,2.0,Bruno,Sul,839.22
09/04/2023,Produto C,13.2,3.0,Carla,Norte,39.599999999999994
30/05/2023,Produto A,182.0,9.0,Carla,Oeste,1638.0
17/02/2023,Produto B,429.2,1.0,Ana,Leste,429.2
13/12/2021,Produto A,262.9,19.0,Bruno,Sul,4995.099999999999
14/01/2021,Produto A,,,Carla,Oeste,
26/05/2023,Produto C,162.43,8.0,David,Sul,1299.44
08/07/2023,Produto A,370.61,7.0,Bruno,Leste,2594.27
07/05/2022,Produto A,281.01,11.0,David,Oeste,3091.1099999999997
24/04/2021,Produto D,391.92,1.0,Carla,Centro,391.92
03/09/2023,Produto D,457.62,5.0,Carla,Oeste,2288.1
15/01/2022,Produto E,42.91,17.0,Eliana,Leste,729.4699999999999
14/05/2021,Produto E,299.27,9.0,Carla,Oeste,2693.43
15/12/2021,Produto C,,,David,Oeste,
13/06/2022,Produto A,302.97,5.0,Carla,Oeste,1627.124536936629
20/05/2023,Produto E,239.72,17.0,Bruno,Norte,4075.24
10/06/2023,Produto A,363.05,3.0,Ana,Sul,1089.15
24/09/2022,Produto C,426.45,1.0,Ana,Oeste,426.45
26/02/2021,Produto C,101.11,1.0,Carla,Centro,101.11
18/06/2023,Produto B,201.71,15.0,David,Oeste,3025.65
22/09/2021,Produto C,201.0,17.0,Ana,Centro,3417.0
17/11/2023,Produto E,126.77,12.0,Ana,Norte,1521.24
01/07/2021,Produto C,,,Carla,Oeste,
16/11/2022,Produto B,210.0,15.0,Carla,Oeste,3150.0
16/12/2021,Produto C,280.59,15.0,David,Sul,4208.849999999999
09/12/2021,Produto A,146.51,3.0,Carla,Norte,439.53
24/08/2022,Produto A,16.51,14.0,Carla,Norte,231.14000000000001
13/05/2022,Produto E,288.65,8.0,Ana,Norte,2309.2
27/05/2022,Produto D,428.43,18.0,Carla,Centro,7711.74
13/03/2022,Produto B,384.48,10.0,Carla,Centro,3844.8
12/10/2022,Produto A,176.47,13.0,David,Sul,2294.11
02/11/2022,Produto E,442.92,14.0,Ana,Oeste,6200.88
30/08/2022,Produto D,423.51,2.0,Ana,Leste,847.02
03/02/2023,Produto C,410.25,5.0,Eliana,Centro,2051.25
03/11/2021,Produto E,428.59,8.0,Eliana,Sul,3428.72
04/02/2021,Produto D,177.18,7.0,Bruno,Oeste,1332.1830400244403
16/07/2021,Produto B,38.91,15.0,Eliana,Leste,583.65
05/10/2021,Produto D,148.71,7.0,David,Oeste,1040.97
24/07/2021,Produto B,68.04,18.0,Bruno,Norte,1224.72
29/01/2021,Produto A,23.1,9.0,David,Norte,207.9
03/05/2022,Produto E,179.46,10.0,Eliana,Norte,1794.6000000000001
10/02/2021,Produto A,246.35,6.0,Carla,Sul,1478.1
22/10/2022,Produto A,66.9,7.0,Bruno,Leste,468.30000000000007
18/07/2023,Produto A,342.76,15.0,Ana,Centro,5141.4
28/07/2021,Produto E,268.17,20.0,Eliana,Oeste,5363.400000000001
07/01/2021,Produto D,40.15,10.0,Bruno,Oeste,401.5
29/01/2022,Produto C,428.23,4.0,Carla,Leste,1712.92
07/02/2021,Produto C,101.06,17.0,David,Norte,1718.02
24/01/2022,Produto D,247.55,19.0,Eliana,Leste,4703.45
11/04/2023,Produto C,104.44,13.0,Bruno,Oeste,1357.72
08/08/2023,Produto B,430.75,10.0,David,Leste,4307.5
14/09/2021,Produto E,71.1,15.0,Eliana,Leste,1066.5
18/10/2021,Produto C,370.24,16.0,Eliana,Sul,5923.84
06/05/2021,Produto D,204.71,16.0,Ana,Oeste,3275.36
03/08/2021,Produto D,344.39,7.0,Eliana,Oeste,2410.73
30/07/2021,Produto B,440.47,3.0,David,Oeste,1419.3475488354827
17/04/2023,Produto B,222.11,8.0,Ana,Centro,1776.88
28/04/2023,Produto C,150.26,7.0,David,Leste,1051.82
26/12/2022,Produto C,237.47,8.0,Carla,Leste,1899.76
12/05/2023,Produto C,261.11,10.0,Ana,Sul,2611.1000000000004
30/12/2023,Produto E,217.88,2.0,David,Norte,435.76
03/07/2023,Produto C,477.25,10.0,Ana,Leste,5126.218340119524
30/04/2021,Produto C,101.3,18.0,Eliana,Centro,1823.3999999999999
06/09/2023,Produto B,116.75,11.0,Bruno,Oeste,1284.25
01/12/2022,Produto B,240.94,2.0,Carla,Oeste,481.88
28/12/2021,Produto D,120.9,11.0,Carla,Leste,1329.9
30/08/2023,Produto C,257.02,12.0,Carla,Norte,3084.24
25/11/2023,Produto D,160.47,6.0,Carla,Leste,962.8199999999999
03/06/2022,Produto A,429.4,5.0,Eliana,Leste,2147.0
28/07/2023,Produto D,219.17,7.0,David,Sul,1534.1899999999998
27/11/2021,Produto E,351.24,1.0,Eliana,Sul,351.24
20/06/2021,Produto A,343.93,5.0,Carla,Norte,1719.65
28/03/2022,Produto C,68.41,1.0,Eliana,Oeste,68.41
10/04/2023,Produto C,454.14,9.0,David,Norte,4087.2599999999998
16/06/2022,Produto B,301.69,3.0,Ana,Centro,905.0699999999999
08/02/2021,Produto A,156.75,18.0,David,Sul,3030.618134446776
20/06/2021,Produto C,171.63,1.0,Ana,Centro,171.63
26/02/2022,Produto B,75.67,12.0,David,Sul,908.04
11/01/2021,Produto D,302.96,4.0,Bruno,Sul,1211.84
31/01/2023,Produto D,249.37,5.0,David,Norte,1246.85
22/09/2023,Produto D,49.5,17.0,Carla,Sul,841.5
14/06/2021,Produto E,74.77,7.0,David,Norte,523.39
17/04/2023,Produto A,401.4,18.0,David,Sul,7225.2
10/10/2021,Produto D,39.88,10.0,Eliana,Oeste,398.8
25/12/2021,Produto A,486.43,2.0,Carla,Norte,972.86
06/06/2023,Produto E,345.68,12.0,Ana,Sul,4148.16
05/05/2023,Produto A,164.1,7.0,David,Centro,1148.7
10/10/2022,Produto C,393.61,9.0,Carla,Leste,3542.4900000000002
05/07/2022,Produto C,156.75,3.0,Ana,Leste,470.25
30/07/2023,Produto E,157.42,11.0,Ana,Centro,1859.960649998485
09/10/2023,Produto C,80.6,2.0,Eliana,Norte,161.2
23/03/2021,Produto B,252.0,19.0,Eliana,Centro,4788.0
19/08/2022,Produto D,152.72,8.0,Ana,Leste,1221.76
04/03/2022,Produto E,478.7,19.0,Eliana,Centro,9095.3
19/01/2021,Produto B,451.08,5.0,David,Centro,2255.4
01/08/2023,Produto E,208.02,11.0,Bruno,Centro,2288.2200000000003
28/03/2022,Produto A,163.33,12.0,David,Oeste,1959.96
26/07/2021,Produto C,365.95,20.0,Carla,Oeste,7319.0
03/06/2022,Produto C,206.66,17.0,Ana,Norte,3513.22
03/01/2021,Produto C,447.99,13.0,Ana,Oeste,5823.87
20/03/2023,Produto D,420.6,10.0,David,Norte,4206.0
01/03/2023,Produto D,220.94,13.0,Ana,Centro,2872.22
26/03/2021,Produto C,250.1,13.0,Eliana,Centro,3492.273166941982
05/03/2023,Produto C,18.16,14.0,Bruno,Leste,254.24
01/02/2023,Produto E,204.82,13.0,Bruno,Norte,2662.66
06/09/2022,Produto E,432.02,19.0,David,Leste,8208.38
26/05/2022,Produto A,67.73,2.0,David,Leste,135.46
21/06/2021,Produto A,131.68,6.0,Carla,Norte,790.08
28/11/2023,Produto C,,,Eliana,Centro,
04/05/2023,Produto E,464.1,6.0,Bruno,Oeste,2784.6000000000004
04/10/2021,Produto C,373.46,5.0,Ana,Oeste,1867.3
23/11/2023,Produto D,483.47,10.0,David,Norte,4834.700000000001
20/07/2021,Produto D,255.03,15.0,Bruno,Oeste,3825.45
21/07/2021,Produto D,470.62,20.0,Bruno,Centro,9412.4
15/02/2022,Produto B,360.88,20.0,Eliana,Sul,7217.6
01/10/2021,Produto C,237.14,1.0,Bruno,Sul,237.14
26/11/2021,Produto E,362.55,12.0,Eliana,Leste,4350.6
20/05/2023,Produto E,418.3,16.0,Bruno,Oeste,6692.8
07/12/2021,Produto C,87.79,15.0,Bruno,Oeste,1316.8500000000001
19/02/2022,Produto E,283.25,1.0,David,Sul,283.25
16/02/2022,Produto C,98.98,11.0,Bruno,Sul,1088.78
14/08/2022,Produto D,470.66,16.0,Bruno,Leste,7530.56
22/01/2021,Produto E,275.51,8.0,David,Sul,2204.08
06/02/2023,Produto B,391.75,13.0,Ana,Oeste,5092.75
19/09/2022,Produto D,190.32,7.0,Bruno,Leste,1430.980224503056
05/10/2023,Produto C,128.82,19.0,Ana,Centro,2447.58
11/03/2022,Produto A,434.66,6.0,Carla,Centro,2607.96
13/11/2021,Produto A,380.69,11.0,Eliana,Sul,4187.59
19/01/2021,Produto D,273.93,18.0,Carla,Centro,4930.74
07/08/2022,Produto B,237.51,20.0,Eliana,Sul,4750.2
16/01/2021,Produto A,401.07,11.0,Carla,Leste,4411.7699999999995
07/11/2021,Produto E,282.16,18.0,Ana,Norte,5078.88
31/10/2022,Produto B,151.02,19.0,David,Norte,3082.046805819206
12/02/2022,Produto A,239.48,16.0,Eliana,Oeste,3831.68
23/01/2023,Produto A,204.57,11.0,Carla,Centro,2250.27
22/06/2021,Produto C,310.82,15.0,Eliana,Sul,4662.3
07/01/2022,Produto B,105.46,16.0,David,Centro,1687.36
09/01/2023,Produto E,487.39,19.0,Bruno,Sul,9260.41
11/06/2021,Produto A,20.77,5.0,Eliana,Oeste,103.85
09/09/2021,Produto E,426.0,3.0,Bruno,Leste,1278.0
11/07/2022,Produto A,166.33,15.0,Eliana,Sul,2494.9500000000003
29/01/2023,Produto B,356.31,14.0,Bruno,Sul,4988.34
27/03/2022,Produto A,222.82,1.0,Ana,Norte,222.82
28/04/2023,Produto B,49.2,18.0,Bruno,Oeste,885.6
16/10/2023,Produto B,22.83,12.0,Bruno,Leste,294.2648038678145
06/01/2023,Produto B,35.34,17.0,Bruno,Leste,600.7800000000001
31/10/2021,Produto D,95.34,20.0,Bruno,Leste,1906.8000000000002
13/06/2021,Produto A,229.59,2.0,David,Norte,493.2125589137943
14/04/2022,Produto A,,,Bruno,Leste,
07/06/2022,Produto A,364.85,9.0,Bruno,Norte,3527.020817712619
14/08/2022,Produto B,378.41,6.0,Bruno,Sul,2270.46
